charging_station_name,city,state,zipcode,street_address
"Athens, AL Supercharger",Athens,AL,No zipcode,21282 Athens-Limestone Blvd
Auburn Alabama Supercharger,Auburn,AL,36830,1627 Opelika Road
"Birmingham, AL Supercharger",Birmingham,AL,35203-1103,2221 Richard Arrington Junior Blvd
"Dothan, AL (coming soon)",Dothan,AL,No zipcode,No address given
Greenville Supercharger,Greenville,AL,36037,219 Interstate Drive
Mobile Supercharger,Mobile,AL,36606,3201 Airport Blvd
"Montgomery, AL (coming soon)",Montgomery,AL,No zipcode,No address given
"Oxford, AL Supercharger",Oxford,AL,36203-0000,1105 Oxford Exchange Blvd
Steele Supercharger,Steele,AL,35987,905 Steele Station Road
"Tuscaloosa, AL (coming soon)",Tuscaloosa,AL,No zipcode,No address given
"Anchorage, AK (coming soon)",Anchorage,AK,No zipcode,No address given
"Buckeye, AZ Supercharger",Buckeye,AZ,85326,416 S Watson Rd
"Casa Grande, AZ Supercharger",Casa Grande,AZ,85194,2453 E. Florence Blvd.
"Cordes Lakes, AZ Supercharger",Mayer,AZ,86333,14925 Cordes Lakes Rd
"Ehrenberg, AZ Supercharger",Ehrenberg,AZ,85334,11 Frontage Road North
"Flagstaff, AZ Supercharger",Flagstaff,AZ,86001,2650 South Beulah Blvd
"Gila Bend, AZ Supercharger",Gila Bend,AZ,85337,826 W Pima St.
"Globe, AZ (coming soon)",Globe,AZ,No zipcode,No address given
"Holbrook, AZ Supercharger",Holbrook,AZ,86025,2096 Navajo Blvd
"Kayenta, AZ (coming soon)",Kayenta,AZ,No zipcode,No address given
"Kingman, AZ Supercharger",Kingman,AZ,86401,789 W Beale St
"New River, AZ Supercharger",New River,AZ,85087,3906 West New River Road
Page Supercharger,Page,AZ,86040,600 Clubhouse Drive
"Payson, AZ Supercharger",Payson,AZ,85541,142 AZ-260
"Phoenix, AZ (coming soon)",Phoenix,AZ,No zipcode,No address given
"Phoenix, AZ - Agua Fria Freeway Supercharger",Phoenix,No state,85027-3938,2805 Agua Fria Fwy
"Phoenix, AZ - East Camelback Road Supercharger",Phoenix,No state,85016-4254,2502 East Camelback Road
"Quartzsite, AZ Supercharger",Quartzsite,AZ,85346,1451 West Main St
"Scottsdale, AZ - N. Scottsdale Road Supercharger",Scottsdale,AZ,85254-2421,15059 N. Scottsdale Rd
"Scottsdale, AZ - North Kierland Blvd. Supercharger",Scottsdale,AZ,85254,15205 North Kierland Boulevard
"Sedona, AZ Supercharger",Sedona,AZ,86351,7000 AZ-179
"Tacna, AZ Supercharger",Tacna,AZ,95352,9250 South Avenue 40E
"Tucson, AZ - East Skyline Drive Supercharger",Tucson,AZ,85718,2905 East Skyline Drive
"Tucson, AZ Supercharger",Tucson,AZ,85747,9255 S Rita Rd
"Tusayan, AZ Supercharger",Tusayan,AZ,No zipcode,149 State Route 64
"White Hills, AZ Supercharger",Willow Beach,AZ,86445,12683 White Hills Road
"Wickenburg, AZ Supercharger",Wickenburg,AZ,85390,155 N Tegner
"Willcox, AZ Supercharger",Willcox,No state,85643-1022,1251 Virginia Avenue
"Yuma, AZ Supercharger",Yuma,AZ,85364,310 N Madison Ave
"Arkadelphia, AR (coming soon)",Arkadelphia,AR,No zipcode,No address given
"Blytheville, AR (coming soon)",Blytheville,AR,No zipcode,No address given
"Forrest City, AR (coming soon)",Forrest City,AR,No zipcode,No address given
"Fort Smith, AR (coming soon)",Fort Smith,AR,No zipcode,No address given
Little Rock Supercharger,Little Rock,AR,No zipcode,11201 Bass Pro Parkway
"Lowell, AR Supercharger",Lowell,AR,72745,898 W Monroe Ave
"Ozark, AR Supercharger",Ozark,AR,72949,3202 Pence Lane
"Adelanto, CA (coming soon)",Adelanto,CA,No zipcode,No address given
"Adin, CA (coming soon)",Adin,CA,No zipcode,No address given
"Alameda, CA Supercharger",Alameda,CA,94501,523 South Shore Center West
"Anaheim, CA - East Katella Avenue Supercharger",Anaheim,CA,92806,2404 East Katella Avenue
"Anaheim, CA - Santa Ana Canyon Road Supercharger",Anaheim,CA,92808,8148 East Santa Ana Canyon Road
"Antioch, CA Supercharger",Antioch,CA,94531,5769 Lone Tree Way
"Atascadero, CA Supercharger",Atascadero,CA,93422,6950 El Camino Real
"Baker, CA Supercharger",Baker,CA,92309-0000,71808 Baker Blvd
Bakersfield Supercharger,Bakersfield,CA,93314,29541 Stockdale Hwy
"Bakersfield, CA (coming soon)",Bakersfield,CA,No zipcode,No address given
Barstow Supercharger,Barstow,CA,92311,2812 Lenwood Road
"Beaumont, CA Supercharger",Beaumont,CA,92223,1540 E. 2nd Street
"Berkeley, CA (coming soon)",Berkeley,CA,No zipcode,No address given
"Beverly Hills, CA (coming soon)",Beverly Hills,CA,No zipcode,No address given
"Big Sur, CA - Ventana Supercharger",Big Sur,CA,93920,48123 Highway 1
"Bishop, CA Supercharger",Bishop,CA,93514,151 South Warren Street
"Brea, CA (coming soon)",Brea,CA,No zipcode,No address given
"Buellton, CA Supercharger",Buellton,CA,93427,555 McMurray Rd
Buena Park,Buena Park,CA,90621,6692 Auto Center Drive
"Buena Park, CA - Beach Boulevard Supercharger",Buena Park,CA,90621,6940 Beach Boulevard
Burbank - North Third Street,Burbank,CA,91502,495 North Third Street
Buttonwillow Supercharger,Buttonwillow,CA,93206,20673 Tracy Ave.
Cabazon Supercharger,Cabazon,CA,92230,48400 Seminole Drive
"Calabasas, CA (coming soon)",Calabasas,CA,No zipcode,No address given
"Cambria, CA (coming soon)",Cambria,CA,No zipcode,No address given
"Carlsbad, CA Supercharger",Carlsbad,CA,92009-8562,7710-7770 El Camino Real
"Castro Valley, CA (coming soon)",Castro Valley,CA,No zipcode,No address given
"Cerritos, CA Supercharger",Cerritos,CA,90703-5422,239 Los Cerritos Center
"Chico, CA Supercharger",Chico,CA,95928,1951 East 20th Street
"Chino Hills, CA (coming soon)",Chino Hills,CA,No zipcode,No address given
"Chula Vista, CA Supercharger",Chula Vista,CA,91914,910 Eastlake Parkway
"Commerce, CA (coming soon)",Commerce,CA,No zipcode,No address given
"Concord, CA Supercharger",Concord,No state,94520,2001 Diamond Blvd
"Corning, CA Supercharger",Corning,CA,96021,950 Hwy 99 W
"Corona, CA Supercharger",Corona,CA,92881-4631,2615 Tuscany Street
"Corte Madera, CA Supercharger",Corte Madera,CA,94925,1618 Redwood Highway
"Costa Mesa, CA (coming soon)",Costa Mesa,CA,No zipcode,No address given
Crescent City Supercharger,Crescent City,CA,95531,1000 Front Street
Culver City Supercharger,Culver City,CA,90230,6000 Sepulveda Blvd.
"Cupertino, CA - Stevens Creek Boulevard Supercharger",Cupertino,CA,95014,20745 Stevens Creek Boulevard
"Cupertino, CA Supercharger",Cupertino,No state,95014-0000,19500 Vallco Parkway
"Daly City, CA Supercharger",Daly City,CA,94015,3 Serramonte Center
"Dana Point, CA (coming soon)",Dana Point,CA,No zipcode,No address given
"Davis, CA (coming soon)",Davis,CA,No zipcode,No address given
"Downey, CA - Lakewood Boulevard Supercharger",Downey,CA,90240-3307,9500 Lakewood Boulevard
"Downey, CA - Stonewood Street Supercharger",Downey,CA,90241,251 Stonewood Street
Dublin-Amador Plaza,Dublin,CA,94568,6701 Amador Plaza Road
"East Palo Alto, CA Supercharger",Palo Alto,CA,94303,1771 East Bayshore Road
"El Cajon, CA (coming soon)",El Cajon,CA,No zipcode,No address given
El Centro Supercharger,El Centro,CA,92243,3551 S Dogwood Rd
"El Cerrito, CA (coming soon)",El Cerrito,CA,No zipcode,No address given
"El Cerrito, CA Supercharger",El Cerrito,CA,94530,280 El Cerrito Plaza
"Elk Grove, CA - Elk Grove Blvd Supercharger",Elk Grove,CA,95758,8451 Elk Grove Boulevard
"Emeryville, CA - Powell Street Plaza Supercharger",Emeryville,CA,94608,5795 Christie Avenue
"Emeryville, CA Supercharger",Emeryville,CA,94608,5959 Shellmound Street
"Escondido, CA (coming soon)",Escondido,CA,No zipcode,No address given
Eureka Supercharger,Eureka,CA,95501,3300 Broadway St.
"Fairfield, CA - Holiday Lane Supercharger",Fairfield,CA,94534,1350 Holiday Lane
"Fairfield, CA - Travis Blvd Supercharger",Fairfield,CA,94533-3432,1350 Travis Blvd
"Firebaugh, CA Supercharger",Firebaugh,CA,93622,46272 West Panoche Road
Fish Camp Supercharger,Fish Camp,CA,93623,1122 Highway 41
"Folsom, CA - Iron Point Road Supercharger",Folsom,CA,95630,220 Iron Point Rd
"Folsom, CA - Palladio Parkway Supercharger",Folsom,CA,95630,220 Palladio Parkway
"Fontana, CA Supercharger",Fontana,CA,92336,152234 Summit Avenue
Fountain Valley Supercharger,Fountain Valley,CA,92708,17940 Newhope St
Fremont,Fremont,CA,94538,45500 Fremont Blvd
"Fremont, CA - 39201 Fremont Blvd Supercharger",Fremont,CA,94538-1301,39201 Fremont Blvd
"Fremont, CA - Pacific Commons Boulevard Supercharger",Fremont,CA,94538,43950 Pacific Commons Boulevard
Fresno Supercharger,Fresno,CA,93722,6709 N Riverside Dr
"Fresno, CA - North Riverside Drive Supercharger",Fresno,CA,93722,5001 North Riverside Drive
"Gilroy, CA - Camino Arroyo Supercharger",Gilroy,CA,Gilroy,6705 Camino Arroyo
"Gilroy, CA Supercharger",Gilroy,CA,95020,Gilroy Premium Outlets
"Glendale, CA Supercharger",Glendale,CA,91210,899 Americana Way
"Goleta, CA Supercharger",Goleta,CA,93117,7004 Marketplace Drive
"Greenville, CA (coming soon)",Greenville,CA,No zipcode,No address given
Groveland Supercharger,Groveland,CA,95321,11875 Ponderosa Lane
Gustine Supercharger,Gustine,CA,95322,12411 CA-33
"Half Moon Bay, CA (coming soon)",Half Moon Bay,CA,No zipcode,No address given
Harris Ranch Supercharger,Coalinga,CA,93210,24505 W Dorris Ave
"Hawthorne, CA - El Segundo Boulevard Supercharger",Hawthorne,CA,90250,4427 West El Segundo Boulevard
"Hawthorne, CA - West 120th Street Supercharger",Hawthorne,CA,90250,2700 West 120th Avenue
"Hayward, CA Supercharger",Hayward,CA,94541,19661 Hesperian Boulevard
"Hermosa Beach, CA Supercharger",Hermosa Beach,CA,90254,710 16th St.
"Hesperia, CA Supercharger",Hesperia,CA,92345,12795 Main Street
"Highland, CA (coming soon)",Highland,CA,No zipcode,No address given
"Hollister, CA Supercharger",Hollister,CA,95023-9541,10021 Pacheco Pass Hwy
"Hollywood, CA (coming soon)",Hollywood,CA,No zipcode,No address given
"Huntington Beach, CA (coming soon)",Huntington Beach,CA,No zipcode,No address given
Indio Supercharger,Indio,CA,92203,42100 Jackson St
"Indio, CA (coming soon)",Indio,CA,No zipcode,No address given
Inyokern Supercharger,Inyokern,CA,93527,1353 Brown Road
"Irvine, CA (coming soon)",Irvine,CA,No zipcode,No address given
"Irvine, CA - Michelson Drive Supercharger",Irvine,CA,92612-0626,3021 Michelson Drive
"Jackson, CA Supercharger",Jackson,CA,95642,31 CA-88
"Kettleman City, CA Supercharger",Kettleman City,CA,93239,27675 Bernard Drive
"Kramer Junction, CA (coming soon)",Kramer Junction,CA,No zipcode,No address given
"Lake Elsinore, CA Supercharger",Lake Elsinore,CA,92530,17600 Collier Avenue
"Lakewood, CA (coming soon)",Lakewood,CA,No zipcode,No address given
"Laytonville, CA Supercharger",Laytonville,CA,95454-9049,45020 N US Highway 101
"Lincoln, CA - Groveland Lane Supercharger",Lincoln,CA,95648,950 Groveland Lane
"Livermore, CA Supercharger",Livermore,CA,94551,2774 Livermore Outlets Drive
"Lone Pine, CA Supercharger",Lone Pine,CA,93545,701 S Main St
"Long Beach, CA (coming soon)",Long Beach,CA,No zipcode,No address given
"Los Altos, CA (coming soon)",Los Altos,CA,No zipcode,No address given
"Los Altos, CA Supercharger",Los Altos,CA,94022,4800 El Camino Real
"Los Angeles, CA - Francisco Street Supercharger",Los Angeles,CA,90015,899 South Francisco Street
"Los Gatos, CA Supercharger",Los Gatos,CA,95032,142 Los Gatos-Saratoga Road
"Malibu, CA - Whole Foods and the Park Supercharger",Malibu,CA,90265,23475 Civic Center Way
Mammoth Lakes Supercharger,Mammoth Lakes,CA,93546,1475 Tavern Road
"Manhattan Beach, CA Supercharger",Manhattan Beach,CA,90266,3200 North Sepulveda Boulevard
Manteca Supercharger,Manteca,CA,95337,960 Perimeter Dr
"Manteca, CA - Spreckels Avenue Supercharger",Manteca,CA,95336,280 Spreckels Avenue
"Marin City, CA - Donahue Street Supercharger",Marin City,CA,94965,190 Donahue Street
"Marina Del Rey, CA (coming soon)",Marina Del Rey,CA,No zipcode,No address given
"Mariposa, CA (coming soon)",Mariposa,CA,No zipcode,No address given
"Mendocino, CA (coming soon)",Mendocino,CA,No zipcode,No address given
"Menifee, CA Supercharger",Menifee,CA,92584,30340 Haun Road
"Menlo Park, CA Supercharger",Menlo Park,CA,94025,325 Sharon Park Drive
"Milpitas, CA - Great Mall Supercharger",Milpitas,CA,95035,447 Great Mall Drive
"Milpitas, CA Supercharger",Milpitas,CA,95035,901 East Calaveras Boulevard
"Mission Viejo, CA Supercharger",Mission Viejo,CA,92691,555 The Shops at Mission Viejo
"Modesto, CA - Sisk Road Supercharger",Modesto,CA,95356,3900 Sisk Road
Mojave Supercharger,Mojave,CA,93501,16940 California 14
"Mojave, CA (coming soon)",Mojave,CA,No zipcode,No address given
"Montebello, CA (coming soon)",Montebello,CA,No zipcode,No address given
"Monterey, CA Supercharger",Monterey,CA,93940-6168,1410 Del Monte Center
Monterey-Seaside,Seaside,CA,93955,1901 Del Monte Blvd
"Moreno Valley, CA (coming soon)",Moreno Valley,CA,No zipcode,No address given
"Morgan Hill, CA Supercharger",Morgan Hill,CA,95037,1061 Cochrane Road
Mountain View Supercharger,Mountain View,CA,94043,1401 N. Shoreline Blvd.
"Mountain View, CA (coming soon)",Mountain View,CA,No zipcode,No address given
Mt. Shasta Supercharger,Mt. Shasta,CA,96067,111 Morgan Way
"Mt. Shasta, CA - 134 Morgan Way Supercharger",Mt. Shasta,CA,96067-2501,134 Morgan Way
"Napa, CA - Factory Stores Drive Supercharger",Napa,CA,94558,629 Factory Stores Drive
"Napa, CA Supercharger",Napa,CA,94558,221 Devlin Rd
Needles Supercharger,Needles,CA,92363,2451 Needles HWY
"Newark, CA Supercharger",Newark,CA,94560,3100 Newpark Mall
"Newell, CA (coming soon)",Newel,CA,No zipcode,No address given
"Northridge, CA (coming soon)",Northridge,CA,No zipcode,No address given
"Novato, CA Supercharger",Novato,CA,94945,208 Vintage Way
"Oakland, CA - 2nd Street Supercharger",Oakland,CA,94607,255 2nd Street
"Oakland, CA - Hegenberger Rd Supercharger",Oakland,CA,94621,640 Hegenberger Road
"Ojai, CA Supercharger",Ojai,CA,93023,987 West Ojai Avenue
"Ontario, CA (coming soon)",Ontario,CA,No zipcode,No address given
Oxnard Supercharger,Oxnard,CA,93036,2751 Park View Ct
"Pacific Palisades, CA (coming soon)",Pacific Palisades,CA,No zipcode,No address given
"Palm Springs, CA Supercharger",Palm Springs,CA,92262,101 North Museum Drive
"Palmdale, CA Supercharger",Palmdale,CA,93551,1233 Rancho Vista Boulevard
"Palo Alto, CA - Stanford Shopping Center Supercharger",Palo Alto,CA,94304,660 Stanford Shopping Center
"Pasadena, CA Supercharger",Pasadena,CA,91105,155 East Green Street
"Paso Robles, CA Supercharger",Paso Robles,CA,93446,2421-2445 Golden Hill Road
"Patterson, CA - Speno Dr Supercharger",Patterson,CA,95363,2959 Speno Drive
"Petaluma, CA Supercharger",Petaluma,CA,94952,401 Kenilworth Drive
"Pinole, CA (coming soon)",Pinole,CA,No zipcode,No address given
"Pismo Beach, CA Supercharger",Pismo Beach,CA,93449,333 5 Cities Drive
"Placerville, CA Supercharger",Placerville,CA,95667,1216-1252 Broadway
"Playa Vista, CA - West Jefferson Blvd Supercharger",Playa Vista,CA,90094,12746 W Jefferson Blvd
"Pleasanton, CA Supercharger",Pleasanton,CA,94588,6000 Johnson Drive
"Pomona, CA (coming soon)",Pomona,CA,No zipcode,No address given
Rancho Cucamonga Supercharger,Rancho Cucamonga,CA,91739,12642 Cultural Center Dr.
"Rancho Mirage, CA	Supercharger",Rancho Mirage,CA,92270,71800 CA-111
"Red Bluff, CA Supercharger",Red Bluff,CA,96080,82 Belle Mill Road
Redondo Beach Supercharger,Redondo Beach,CA,90278,2410 Marine Avenue
"Richmond, CA - Pierce Street Supercharger",Richmond,CA,94804,3288 Pierce St
"Richmond, CA Supercharger",Richmond,CA,94804,2157 Meeker Avenue
"Riverside, CA - Canyon Springs Parkway Supercharger",Riverside,CA,92507,2755 Canyon Springs Parkway
"Riverside, CA Supercharger",Riverside,No state,92501,3370 9th St
"Rohnert Park, CA Supercharger",Rohnert Park,CA,94928,475 Rohnert Park Expressway
"Roseville, CA - Galleria Boulevard Supercharger",Roseville,CA,95678,1120 Galleria Boulevard
"Roseville, CA Supercharger",Roseville,CA,95678,1151 Galleria Blvd
"Rowland Heights, CA Supercharger",Rowland Heights,CA,91748,No address given
"Sacramento, CA - Arden Way Supercharger",Sacramento,CA,95815,1689 Arden Way
"Sacramento, CA - Freeport Boulevard Supercharger",Sacramento,CA,95822,4700 Freeport Blvd
"Sacramento, CA Supercharger",Sacramento,CA,95834-0000,3668 N. Freeway Blvd
Sacramento-Rocklin,Rocklin,CA,95677,4361 Granite Drive
"Salinas, CA Supercharger",Salinas,CA,93906-5102,1606 North Main Street
"San Bernardino, CA Supercharger",San Bernardino,CA,92408,500 Inland Center Drive
"San Bruno, CA (coming soon)",San Bruno,CA,No zipcode,No address given
"San Carlos, CA Supercharger",San Carlos,CA,94070,1127 Industrial Road
"San Clemente, CA - Avenida Vista Hermosa Supercharger",San Clemente,CA,92673,990 Avenida Vista Hermosa
"San Clemente, CA Supercharger",San Clemente,CA,92672-7706,101 West Avenida Vista Hermosa
San Diego Supercharger,San Diego,CA,92121,10155 Pacific Heights Blvd
"San Diego, CA - A Street Supercharger",San Diego,CA,92101,1350 6th Avenue
"San Diego, CA - Balboa Ave Supercharger",San Diego,CA,92111,5617 Balboa Avenue
"San Diego, CA - Camino Del Sur Supercharger",San Diego,CA,92127,17170 Camino Del Sur
"San Diego, CA - Del Mar Heights Road Supercharger",San Diego,CA,92014,3275 Del Mar Heights Road
"San Diego, CA - Friars Road Supercharger",San Diego,CA,92108,7007 Friars Road
"San Diego, CA - La Jolla (coming soon)",San Diego,CA,No zipcode,No address given
"San Dimas, CA (coming soon)",San Dimas,CA,No zipcode,No address given
"San Francisco, CA - Financial District (coming soon)",San Francisco,CA,No zipcode,No address given
"San Francisco, CA - Letterman Drive Supercharger",94129,CA,San Francisco,1 Letterman Drive
"San Francisco, CA - Mission (coming soon)",San Francisco,CA,No zipcode,No address given
"San Francisco, CA - SOMA (coming soon)",San Francisco,CA,No zipcode,No address given
"San Francisco, CA Supercharger",San Francisco,CA,94102,601 Van Ness Avenue
"San Gabriel, CA (coming soon)",San Gabriel,CA,No zipcode,No address given
"San Jose, CA (West) (coming soon)",San Jose,CA,No zipcode,No address given
"San Jose, CA - Blossom Hill Road Supercharger",San Jose,CA,95118,1375 Blossom Hill Road
"San Jose, CA - Cherry Avenue Supercharger",San Jose,CA,95118,5160 Cherry Avenue
"San Jose, CA - Coleman Avenue Supercharger",San Jose,CA,95110,533 Coleman Avenue
"San Jose, CA - E Capitol Expressway Supercharger",San Jose,CA,95121,1029 East Capitol Expressway
"San Jose, CA - Holger Way Supercharger",San Jose,CA,95134,95 Holger Way
"San Jose, CA - Santana Row Supercharger",San Jose,CA,95128,330 South Winchester
"San Jose, CA - Valet - Santana Row Supercharger",San Jose,CA,95128,330 South Winchester Santana Row
"San Juan Capistrano, CA Supercharger",San Juan Capistrano,CA,92675,31971 Camino Capistrano
"San Luis Obispo, CA Supercharger",San Luis Obispo,CA,93405,100 Madonna Road
San Mateo Supercharger,San Mateo,CA,94403,1200 Park Place
"San Mateo, CA (coming soon)",San Mateo,CA,No zipcode,No address given
"San Mateo, CA - Bridgepointe Pkwy Supercharger",San Mateo,CA,94404-1569,2220 Bridgepointe Pkwy
"San Ramon, CA - Diablo Plaza Supercharger",San Ramon,CA,94583,2415-2505 San Ramon Valley Boulevard
"San Ramon, CA Supercharger",San Ramon,CA,94583,2610 Bishop Drive
"San Ysidro, CA (coming soon)",San Ysidro,CA,No zipcode,No address given
Santa Ana Supercharger,Santa Ana,CA,92705-6607,2800 N. Main Street
"Santa Ana, CA - East 5th Street Supercharger",Santa Ana,CA,92701,300 East 5th Street
"Santa Barbara, CA (coming soon)",Santa Barbara,CA,No zipcode,No address given
"Santa Clara, CA (coming soon)",Santa Clara,CA,No zipcode,No address given
"Santa Clara, CA Supercharger",Santa Clara,CA,95054,3945 Rivermark Plaza
"Santa Clarita, CA Supercharger",Valencia,CA,91355,24061 Newhall Ranch Road
"Santa Cruz, CA Supercharger",Santa Cruz,CA,95062,911 Soquel Avenue
"Santa Monica, CA - Santa Monica Place Supercharger",Santa Monica,CA,90401,395 Santa Monica Place
"Santa Rosa, CA Supercharger",Santa Rosa,CA,95401,733 Coddingtown Center
"Santa Ysabel, CA (coming soon)",Santa Ysabel,CA,No zipcode,No address given
"Scotts Valley, CA, Supercharger",Scott's Valley,CA,95066,230 Mount Hermon Road
"Sherman Oaks, CA (coming soon)",Sherman Oaks,CA,No zipcode,No address given
"Simi Valley, CA - Tierra Rejada Road Supercharger",Simi Valley,CA,93065,51 Tierra Rejada Road
"Soledad, CA (coming soon)",Soledad,CA,No zipcode,No address given
"Sonoma, CA (coming soon)",Sonoma,CA,No zipcode,No address given
"South San Francisco, CA Supercharger",South San Francisco,CA,94080,250 Gateway Boulevard
"Stockton, CA Supercharger",Stockton,CA,95207,2323 Grand Canal Boulevard
"Studio City, CA (coming soon)",Studio City,CA,No zipcode,No address given
"Sunnyvale, CA - W. McKinley Ave Supercharger",Sunnyvale,No state,94086-6193,298 W. McKinley Ave
"Susanville, CA (coming soon)",Susanville,CA,No zipcode,No address given
"Tahoe City, CA Supercharger",Tahoe City,CA,96145,140 Lake Boulevard
Tejon Ranch Supercharger,Lebec,CA,93243,5602 Dennis McCarthy Dr
Temecula Supercharger,Temecula,CA,92591,40820 Winchester Rd.
"Thousand Oaks, CA - East Thousand Oaks Boulevard Supercharger",Thousand Oaks,No state,91362,4000 East Thousand Oaks Boulevard
"Thousand Oaks, CA - West Hillcrest Drive Supercharger",Thousand Oaks,CA,91360,350 West Hillcrest Drive
"Traver, CA Supercharger",Traver,CA,93673,36005 CA-99
Truckee Brockway Road Supercharger,Truckee,CA,96161,11209 Brockway Road
Truckee Donner Pass Supercharger,Truckee,CA,96161,11290 Donner Pass Rd
"Tustin, CA (coming soon)",Tustin,CA,No zipcode,No address given
Twentynine Palms Supercharger,Twentynine Palms,CA,92277-4125,73829 Baseline Road
Ukiah Supercharger,Ukiah,CA,95482,250 W Clay St.
Vacaville Supercharger,Vacaville,CA,95687,321 Nut Tree Road
"Vallejo, CA Supercharger",Vallejo,CA,94591,904 Admiral Callaghan Lane
"Venice, CA (coming soon)",Venice,CA,No zipcode,No address given
"Ventura, CA (coming soon)",Ventura,CA,No zipcode,No address given
"Visalia, CA (coming soon)",Visalia,CA,No zipcode,No address given
"Vista, CA (coming soon)",Vista,CA,No zipcode,No address given
"Walnut Creek, CA Supercharger",Walnut Creek,CA,94596,1153 Locust Street
"Watsonville, CA Supercharger",Watsonville,CA,95076,1415 Main Street
"Webster, TX Supercharger",Webster,CA,77598,21361 Gulf Freeway
"West Covina, CA (coming soon)",West Covina,CA,No zipcode,No address given
"Westminster, CA Supercharger",Westminster,CA,92683,1025 Westminster Mall
"Westwood, CA (coming soon)",Westwood,CA,No zipcode,No address given
"Williams, CA Supercharger",Williams,CA,95987,464 6th Street
"Woodland, CA Supercharger",Woodland,CA,95776,2185 Bronze Star Drive
"Woodland, CA Supercharger #2",Woodland,CA,95776,2185 Bronze Star Drive
"Yermo, CA Supercharger",Yermo,CA,92398,36017 Calico Road
"Yuba City, CA Supercharger",Yuba City,CA,95993,1475 Tharp Road
"Alamosa, CO (coming soon)",Alamosa,CO,No zipcode,No address given
"Aspen, CO Supercharger",Aspen,CO,81611-2506,38750 Highway 82
"Boulder, CO Supercharger",Boulder,CO,80301,1710 29th Street
"Brighton, CO Supercharger",Brighton,CO,80603,5112 East Bromley Lane
Brush Supercharger,Brush,CO,80723-2902,1156  CO-71
"Centennial, CO Supercharger",Centennial,CO,80112,9555 East County Line Road
Colorado Springs Supercharger,Colorado Springs,CO,80903,215 North Cascade Avenue
"Conifer, CO - Conifer Road Supercharger",Conifer,CO,80433-9078,25637 Conifer Road
"Denver, CO (coming soon)",Denver,CO,No zipcode,No address given
"Denver, CO - Cherry Creek (coming soon)",Denver,CO,No zipcode,No address given
"Denver, CO Supercharger",Denver,CO,80239,4310 Airport Way
"Estes Park, CO Supercharger",Estes Park,CO,80517-9665,333 Wonderview Avenue
"Glenwood Springs, CO Supercharger",Glenwood Springs,CO,81601,125 Wulfsohn Rd
"Grand Junction, CO Supercharger",Grand Junction,CO,81505,2424 U.S-6
"Idaho Springs, CO Supercharger",Idaho Springs,CO,80452,1319 Miner Street
"Kremmling, CO - Park Avenue Supercharger",Kremmling,CO,80459,605 Park Avenue
"Lakewood, CO Supercharger",Lakewood,CO,80401,14500 West Colfax Avenue
"Limon, CO Supercharger",Limon,CO,80828,2221 6th St.
"Lone Tree, CO - Park Meadows Center Drive",Lone Tree,CO,80124-5128,8401 Park Meadows Center Drive
Loveland Supercharger,Loveland,CO,80538-9347,4705 Clydesdale Parkway
"Montrose, CO (coming soon)",Montrose,CO,No zipcode,No address given
"Poncha Springs, CO Superchargers",Poncha Springs,CO,81242-0000,6250 US Highway 285
"Silverthorne, CO Supercharger",Silverthorne,CO,80498-0497,246-V Rainbow Dr
"Silverthorne, CO Supercharger #2",Silverthorne,CO,80498,309 Rainbow Dr
"Steamboat Springs, CO (coming soon)",Steamboat Springs,CO,No zipcode,No address given
"Superior, CO - South Marshall Road Supercharging",Superior,CO,80027,2 South Marshall Road
"Telluride, CO (coming soon)",Telluride,CO,No zipcode,No address given
"Thornton, CO Supercharger",Thornton,CO,80233,237 East 120th Avenue
"Thornton, CO Supercharger #2",Thornton,CO,80233,237 East 120th Avenue
Trinidad Supercharger,Trinidad,CO,81082,9960 Santa Fe Trail
"Walsenburg, CO (coming soon)",Walsenburg,CO,No zipcode,No address given
"Wheat Ridge, CO (coming soon)",Wheat Ridge,CO,No zipcode,No address given
"Danbury, CT Supercharger",Danbury,No state,06810-7422,7 Backus Ave
"Darien, CT North Supercharger",Darien,CT,6820,I-95 North after exit 12
"Darien, CT South Supercharger",Darien,CT,6820,I-95 South after exit 10
"Fairfield, CT - Northbound Supercharger",Fairfield,CT,06824,165 Round Hill Road
"Fairfield, CT - Southbound Supercharger",Fairfield,CT,06824,267 Round Hill Road
"Greenwich, CT North Supercharger",Greenwich,CT,6830,3000 Merritt Parkway
"Greenwich, CT South Supercharger",Greenwich,CT,6830,2000 Merritt Parkway
"Hamden, CT (coming soon)",Hamden,CT,No zipcode,No address given
"Hartford, CT - Leibert Road Supercharger",Hartford,CT,06120,165 Leibert Road
"Hartford, CT Supercharger",Hartford,CT,06824-2308,777 Main Street
"Lisbon, CT (coming soon)",Lisbon,CT,No zipcode,No address given
"Madison, CT - Northbound Supercharger",Madison,CT,06443,1-95 North Avenue
"Madison, CT - Southbound Supercharger",Madison,CT,06443,1-95 South Street
"Manchester, CT Supercharger",Manchester,CT,06042-8764,1470 Pleasant Valley Road
"Meriden, CT Supercharger",Meriden,CT,06450,903 East Main Street
Milford - Boston Post Road Supercharger,Milford,CT,6460,1201 Boston Post Road
"Milford, CT North Supercharger",Milford,CT,6460,Milford Travel Plaza
"Milford, CT South Supercharger",Milford,CT,6460,Travel Plaza
"New London, CT Supercharger",New London,CT,06320,351 North Frontage Road
"North Canaan, CT Supercharger",North Canaan,CT,06018,11 East Main Street
"North Stamford, CT Supercharger",North Stamford,CT,06905-1215,1145 High Ridge Rd
"Stamford, CT Supercharger",Stamford,CT,06905,2233 Summer Street
"Torrington, CT (coming soon)",Torrington,CT,No zipcode,No address given
"Trumbull, CT (coming soon)",Trumbull,CT,No zipcode,No address given
"Waterbury, CT Supercharger",Waterbury,CT,6705,160 Kukas Lane
West Hartford Supercharger,West Hartford,CT,6110,1445 New Britain Ave.
"Claymont, DE - Philadelphia Pike Supercharger",Claymont,DE,19703,2621 Philadelphia Pike
"Claymont, DE Supercharger",Claymont,DE,19703,605 Naamans Road
"Dover, DE Supercharger",Dover,DE,19901,2800 North Dupont Highway
"Lewes, DE Supercharger",Lewes,DE,19958-4203,17663 Dartmouth Drive
Newark Supercharger,Newark,DE,19725,530 JFK Memorial Highway
"Columbia Heights, DC (coming soon)",Columbia Heights,No state,,No address given
"Washington SE, DC (coming soon)",Washington SE,No state,,No address given
"Washington, DC - Market Street NE Supercharger",Washington,DC,20018,2438 Market Street NE
"Washington, DC Supercharger",Washington,DC,20007,1855 Wisconsin Ave NW
"Altamonte Springs, FL Supercharger",Altamonte Springs,FL,32701,355 East Altamonte Drive
"Aventura, FL Supercharger",Aventura,FL,33180,19501 Biscayne Boulevard
"Beach Park, FL (coming soon)",Beach Park,FL,No zipcode,No address given
"Boca Raton, FL (coming soon)",Boca Raton,FL,No zipcode,No address given
"Brandon, FL Supercharger",Brandon,FL,33511,2400 W Brandon Blvd
"Celebration, FL Supercharger",Celebration,FL,34747,6210 W Irlo Bronson Memorial Hwy
"Clearwater, FL Supercharger",Clearwater,FL,33761,26508 US Highway 19 North
"Daytona Beach, FL Supercharger",Daytona Beach,FL,32114,2500 West International Speedway Boulevard
DeFuniak Springs Supercharger,DeFuniak Springs,FL,32435,Corner of Baldwin Ave. & 10th Street
"Deerfield Beach, FL Supercarger",Deerfield Beach,FL,33442,20 SW 12th Avenue
"Delray Beach, FL Supercharger",Delray Beach,FL,33446,14851 Lyons Road
"Deltona, FL Supercharger",Deltona,FL,32725,3400 Howland Blvd
Florida City Supercharger,Florida City,FL,No zipcode,33505 South Dixie Hwy
"Fort Drum, FL Supercharger",Okeechobee,FL,34972,184 Florida's Turnpike
"Fort Lauderdale, FL Supercharger",Fort Lauderdale,FL,33312,2620 West Broward Boulevard
"Fort Myers, FL - Dani Drive Supercharger",Fort Myers,FL,33966-6527,9355 Six Mile Cypress Parkway
"Fort Myers, FL Supercharger",Fort Myers,FL,33913,Gulf Coast Town Center
"Fort Pierce, FL Supercharger",Fort Pierce,FL,34947,5575 Okeechobee Road
"Gainesville, FL Supercharger",Gainesville,FL,32608,3217 Southwest 35th Boulevard
"Hollywood, FL (coming soon)",Hollywood,FL,No zipcode,No address given
"Jacksonville, FL - Chaffee Road Supercharger",Jacksonville,FL,32221,703 Chaffee Road
"Jacksonville, FL - County Road Supercharger",St. Johns,FL,32259,2220 County Road 210
"Jacksonville, FL - Gate Parkway Supercharger",Jacksonville,FL,32246,4866 Gate Parkway
"Key West, FL (coming soon)",Key West,FL,No zipcode,No address given
"Kissimmee, FL Supercharger",Kissimmee,FL,34747,7940 West Irlo Bronson Memorial Highway
"Lady Lake, FL Supercharger",Lady Lake,FL,32159,116 North Highway 27/441
"Lake City, FL Supercharger",Lake City,FL,32055,2941 W US Hwy 90
"Lakeland, FL Supercharger",Lakeland,FL,33809,4320 US Highway 98 North
Live Oak Supercharger,Live Oak,FL,32060,6458 US-129
Marathon Supercharger,Marathon,FL,33050,9400 Overseas Hwy.
"Miami Beach, FL - Bal Harbour (coming soon)",Miami Beach,FL,No zipcode,No address given
"Miami Beach, FL - South Beach (coming soon)",Miami Beach,FL,No zipcode,No address given
"Miami, FL - Mary Brickell Village Supercharger",Miami,FL,33130,900 S Miami Ave
"Miami, FL - NE 41st Street Supercharger",Miami,FL,33137,90 NE 41st Street
"Miami, FL - SW 24th Street Supercharger",Miami,FL,33155,6971 SW 24th Street
"Miami, FL - SW 7th Street Supercharger",Miami,No state,33130-1946,701 South Miami Avenue
"Miami, FL - SW 8th Street Supercharger",Miami,FL,33130-1946,701 South Miami Avenue
"Miami, FL - South Dixie Highway Supercharger",Miami,FL,33143,8312 South Dixie Highway
"Millenia, FL (coming soon)",Millenia,FL,No zipcode,No address given
Naples Supercharger,Naples,FL,34102-6454,499 Bayfront Place
"North Naples, FL (coming soon)",North Naples,FL,No zipcode,No address given
"Ocala, FL Supercharger",Ocala,FL,34474,4414 SW College Rd
"Ochopee, FL Supercharger",Ochopee,FL,34141,47801 West State Road 84
"Orlando, FL - North Alafaya Trail Supercharger",Orlando,FL,32828,413 North Alafaya Trail
"Orlando, FL - W. Sand Lake Rd Supercharger",Orlando,FL,32819-8902,6500 West Sand Lake Road
"Palm Coast, FL Supercharger",Palm Coast,FL,32164,5600 State Rd 100 E
"Panama City Beach, FL Supercharger",Panama City Beach,FL,32413,14100 Panama City Beach Parkway
"Pembroke Pines, FL Supercharger",Pembroke Pines,FL,33027,14804-14954 Pines Boulevard
"Pensacola, FL (coming soon)",Pensacola,FL,No zipcode,No address given
Pinellas Park Supercharger,Pinellas Park,No state,33782-6203,3101 Gandy Blvd
Plantation Supercharger,Plantation,FL,33324,801 S. University Drive
"Port Orange, FL Supercharger",Port Orange,FL,32128,5302 S. Williamson Blvd
"Port St. Lucie, FL Supercharger",Port St. Lucie,FL,34986,1701 NW Peacock Blvd
"Riverview, FL Supercharger",Riverview,FL,33578,10665 Big Bend Road
Sarasota Supercharger,Sarasota,FL,34238,5903 Honore Ave
"St. Augustine, FL Supercharger",St. Augustine,FL,32092,2700 Florida 16
Tallahassee Supercharger,Tallahassee,FL,32308,3528 Thomasville Rd
"Tampa, FL - Wesley Chapel (coming soon)",Tampa,FL,No zipcode,No address given
"Tampa, FL - West Swann Avenue Supercharger",Tampa,FL,33606,2100 West Swann Avenue
"Tampa, FL Supercharger",Tampa,FL,33619-2742,2502 North 50th Street
"Titusville, FL Supercharger",Titusville,FL,32780,3055 Columbia Blvd
Turkey Lake Supercharger,Turkey Lake,FL,32835,Florida Turnpike
"Vero Beach, FL Supercharger",Vero Beach,FL,32966,9050 20th Street
"West Melbourne, FL Supercharger",West Melbourne,FL,32904-0000,206 Palm Bay Road
"West Palm Beach, FLWest Palm Beach, FL - Garden Road Supercharger",West Palm Beach,FL,33404,7289 Garden Road
"Weston, FL (coming soon)",Weston,FL,No zipcode,No address given
"Winter Garden, FL (coming soon)",Winter Garden,FL,No zipcode,No address given
"Winter Park, FL (coming soon)",Winter Park,FL,No zipcode,No address given
"Yeehaw Junction, FL (coming soon)",Yeehaw Junction,FL,No zipcode,No address given
"Acworth, GA Supercharger",Atlanta,GA,30101,3500 Baker Road
"Alpharetta, GA Supercharger",Alpharetta,GA,30009,400 Avalon Boulevard
"Athens, GA Supercharger",Athens,GA,30606,1791 Oconee Connector
Atlanta Supercharger,Atlanta,GA,30363,1380 Atlantic Drive NW
"Atlanta, GA - Lenox Road Supercharger",Atlanta,GA,30326,3393 Peachtree Road
"Atlanta, GA - Peachtree Road Supercharger",Atlanta,GA,30326,3393 Peachtree Road
"Augusta, GA - Belair Frontage Road Supercharger",Augusta,GA,30909,4329 Belair Frontage Road
"Augusta, GA Supercharger",Augusta,GA,30907,1069 Stevens Creek Road
"Brunswick, GA Supercharger",Brunswick,GA,31525,380 Millennium Boulevard
"Brunswick, GA Supercharger #2",Brunswick,GA,31525,380 Millennium Boulevard
"Buford, GA Supercharger",Buford,GA,30519,1695 Mall of Georgia Blvd
"College Park, GA (coming soon)",College Park,GA,No zipcode,No address given
"Columbus, GA (coming soon)",Columbus,GA,No zipcode,No address given
"Kingsland, GA Supercharger",Kingsland,GA,31548,1190 East Boone Avenue
"Lithonia, GA Supercharger",Lithonia,GA,30038,3007 Panola Road
"Macon, GA - Tom Hill Senior Boulevard Supercharger",Macon,GA,31210,121 Tom Hill Senior Boulevard
"Macon, GA Supercharger",Macon,GA,31201,450 Martin Luther King Jr Blvd
"Madison, GA (coming soon)",Madison,GA,No zipcode,No address given
"Metter, GA Supercharger",Metter,GA,30439,1118 South Lewis Street
"Sandy Springs, GA (coming soon)",Sandy Springs,GA,No zipcode,No address given
"Savannah, GA Supercharger",Savannah,GA,31408,400 Airways Avenue
"Tifton, GA Supercharger",Tifton,GA,31794,1204 U.S. 82
"Valdosta, GA Supercharger",Valdosta,GA,31601,2112 West Hill Avenue
"Honolulu, HI (coming soon)",Honolulu,HI,No zipcode,No address given
"Kailua, HI (coming soon)",Kailua,HI,No zipcode,No address given
"Maui, HI (coming soon)",Maui,HI,No zipcode,No address given
Boise Supercharger,Boise,ID,83709,1426 South Entertainment Ave
"Burley, ID Supercharger",Burley,ID,83318,240 East 5th Street North
Coeur d'Alene Supercharger,Coeur d'Alene,ID,83815,3458 N Fruitland Lane
Idaho Falls Supercharger,Idaho Falls,ID,83402,940 Pier View Drive
"Mountain Home, ID (coming soon)",Mountain Home,ID,No zipcode,No address given
Pocatello Supercharger,Pocatello,ID,83201,1399 Bench Road
Twin Falls Supercharger,Twin Falls,ID,83301,2015 Neilsen Point Place
"Aurora, IL - IL-59 Supercharger",Aurora,IL,60504,808 IL-59
"Bolingbrook, IL Supercharger",Bolingbrook,IL,60440-2250,755 E. Boughton Road
"Buffalo Grove, IL Supercharger",Buffalo Grove,IL,60089,1550 Deerfield Parkway
"Champaign, IL	 Supercharger",Champaign,IL,61822,2401 North Prospect Avenue
"Chicago, IL (North) (coming soon)",Chicago,IL,No zipcode,No address given
"Chicago, IL - North Broadway Supercharger",Chicago,IL,60657,3030 North Broadway
"Chicago, IL - North Columbus Drive Supercharger",Chicago,Il,linois 60601-7910,225 North Columbus Drive
"Chicago, IL - North Halsted Supercharger",Chicago,IL,60642,1457 N Halsted St.
"Chicago, IL - O'Hare Supercharger",Chicago,IL,60666,Building 840 Chicago O'Hare International Airport
"Chicago, IL - South Canal Street Supercharger",Chicago,IL,60607,1100 South Canal Street
"Chicago, IL – Bridgeport (coming soon)",Bridgeport,IL,No zipcode,No address given
"Collinsville, IL (coming soon)",Collinsville,IL,No zipcode,No address given
"Country Club Hills, IL Supercharger",Country Club Hills,IL,60478,4201 167th St.
"Dwight, IL (coming soon)",Dwight,IL,No zipcode,No address given
Effingham Supercharger,Effingham,IL,62401,1200 N. Keller Drive
"Evanston, IL (coming soon)",Evanston,IL,No zipcode,No address given
"Evergreen Park, IL Supercharger",Evergreen Park,IL,60805,9200 South Western Avenue
"Flossmoor, IL Supercharger",Flossmoor,IL,60422,3800 Vollmer Road
"Gilman, IL Supercharger",Gilman,IL,60938,1043 South Crescent Street
"Glenview, IL Supercharger",Glenview,IL,60025,1200 Milwaukee Avenue
"Highland Park, IL (coming soon)",Highland Park,IL,No zipcode,No address given
"Joliet, IL (coming soon)",Joliet,IL,No zipcode,No address given
"Marion, IL (coming soon)",Marion,IL,No zipcode,No address given
Mt. Vernon Supercharger,Mt. Vernon,IL,62864-6750,222 Potomac Blvd.
"Normal, IL Supercharger",Normal,IL,61761,11 Uptown Circle
North Aurora Supercharger,North Aurora,IL,60542,151 Hansen Blvd
"Northbrook, IL Supercharger",Northbrook,IL,60062,840-109 Willow Road
"Oak Brook, IL (coming soon)",Oak Brook,IL,No zipcode,No address given
"Oak Park, IL (coming soon)",Oak Park,IL,No zipcode,No address given
"Peoria, IL (coming soon)",Peoria,IL,No zipcode,No address given
"Peru, IL Supercharger",Peru,IL,61354,1651 Midtown Road
"Rochelle, IL (coming soon)",Rochelle,IL,No zipcode,No address given
"Rockford, IL Supercharger",Rockford,IL,61112,7200 Harrison Ave
"Rolling Meadows, IL Supercharger",Rolling Meadows,IL,60008-4205,1301 Meijer Drive
"Rosemont, IL Supercharger",Rosemont,IL,60018,5220 Fashion Outlets Way
"Skokie, IL Supercharger",Skokie,IL,60077,5507 Touhy Avenue
Springfield Illinois Supercharger,Springfield,IL,62704,3801 S. MacArthur Blvd.
"Zionsville, IN Supercharger",Zionsville,IL,46077,6650 Whitestown Parkway
"Angola, IN Supercharger",Angola,IN,46703,3855 Indiana 127
"Bloomington, IN Supercharger",Bloomington,IN,47404,3600 West 3rd Street
"Carmel, IN Supercharger",Carmel,IN,46032,1424 W Carmel Dr
"Elberfeld, IN (coming soon)",Elberfeld,IN,No zipcode,No address given
"Fishers, IN Supercharger",Fishers,No state,46038-1615,9 Municipal Drive
"Fort Wayne, IN Supercharger",Fort Wayne,IN,46818,6309 Lima Road
"Indianapolis, IN - Capitol Avenue Supercharger",Indianapolis,IN,46225,109 South Capitol Avenue
"Indianapolis, IN Supercharger",Indianapolis,IN,46201,5120 Victory Dr
"Kokomo, IN Supercharger",Kokomo,IN,46901,2301 East Markland Avenue
"Lafayette, IN Supercharger",Lafayette,IN,47905,4901 State Rd. 26E
"Merrillville, IN Supercharger",Merrillville,IN,46410,611 West Lincoln Highway
"Michigan City, IN Supercharger",Michigan City,IN,46360,5150 Franklin Street
"Mishawaka, IN Supercharger",Mishawaka,IN,46545,6501 Grape Rd
"Richmond, IN Supercharger",Richmond,IN,47674,2507 Chester Boulevard
"Seymour, IN (coming soon)",Seymour,IN,No zipcode,No address given
"Terre Haute, IN Supercharger",Terre Haute,IN,47803,5600 E. New Margaret Dr.
"Veedersburg, IN (coming soon)",Veedersburg,IN,No zipcode,No address given
"Altoona, IA Supercharger",Altoona,IA,50009,1430 1st Avenue North
Coralville Supercharger,Coralville,IA,52241,1914 8th Street
Council Bluffs Supercharger,Council Bluffs,IA,51501,3815 Metro Drive
Davenport Supercharger,Davenport,IA,52807,4064 E 53rd St
Dows Supercharger,Dows,No state,50071-8004,904 Cardinal Lane
"Dubuque, IA Supercharger",Dubuque,IA,52003,400 South Locust Street
"Shelby, IA Supercharger",Shelby,IA,51570,12 East Street
"Sioux City, IA (coming soon)",Sioux City,IA,No zipcode,No address given
"Waterloo, IA (coming soon)",Waterloo,IA,No zipcode,No address given
West Des Moines Supercharger,West Des Moines,IA,50266,1725 Jordan Creek Parkway
"Colby, KS Supercharger",Colby,KS,67701-3746,700 E Horton Ave
"Goodland, KS Supercharger",Goodland,KS,67735,2631 Enterprise Rd
"Hays, KS Supercharger",Hays,KS,67601,4101 Vine St
"Mission, KS Supercharger",Mission,KS,66202,6655 Martway Street
"Salina, KS Supercharger",Salina,KS,67401,755 W. Diamond Dr.
"Topeka, KS Supercharger",Topeka,KS,66614,5930 SW Huntoon St
Wichita Kansas Supercharger,Wichita,KS,67216,4760 S. Broadway Street
"Emporia, KS Supercharger",Emporia,KS,66801,1312 Industrial Road
"Olathe, KS Supercharger",Olathe,KS,66061,18101 West 119th Street
Bowling Green  Supercharger,Bowling Green,KY,42104,1676 Westpark Drive
"Elizabethtown, KY (coming soon)",Elizabethtown,KY,No zipcode,No address given
"Florence, KY (coming soon)",Florence,KY,No zipcode,No address given
Kuttawa Supercharger,Kuttawa,KY,42055-5954,62 Days Inn Dr
Lexington Supercharger,Lexington,KY,40509,2155 Paul Jones Way
London Supercharger,London,KY,40741,140 Faith Assembly Church Road
Louisville Supercharger,Louisville,KY,40205,2120 Gardiner Ln
"Louisville, KY - Towne Center Drive Supercharger",Louisville,KY,40241,4100 Towne Center Drive
"Maysville, KY (coming soon)",Maysville,KY,No zipcode,No address given
"Los Angeles, CA - Alameda Street Supercharger",Los Angeles,CA,90021,787 S. Alameda Street
Alexandria Supercharger,Alexandria,LA,71301,701 4th Street
Baton Rouge Supercharger,Baton Rouge,LA,70808,3535 Perkins Road
"Lafayette, LA Supercharger",Lafayette,LA,70501,3225 Louisiana Avenue
Lake Charles Supercharger,Lake Charles,LA,70601,1772 W Prien Lake Road
Monroe Supercharger,Monroe,LA,71203,4919 Pecanland Mall Drive
"New Orleans, LA (coming soon)",New Orleans,LA,No zipcode,No address given
Shreveport Supercharger,Shreveport,LA,71104,1133 St. Vincent Ave.
Slidell Supercharger,Slidell,LA,70458,1303 Town Center Pkwy
"Augusta, ME Supercharger",Augusta,ME,4330,197 Civic Center Drive
"Baileyville, ME Supercharger",Baileyville,ME,4694,32 Houlton Rd
"Bar Harbor, ME (coming soon)",Bar harbor,ME,No zipcode,No address given
"Bethel, ME Supercharger",Bethel,ME,04217,No address given
Brewer Supercharger,Brewer,ME,4412,5 Walton Dr
"Farmington, ME (coming soon)",Farmington,ME,No zipcode,No address given
"Freeport, ME Supercharger",Freeport,ME,04032-1217,95 Main Street
"Jackman, ME Supercharger",Jackman,ME,04945,407 Main Street
"Kennebunk, ME North Supercharger",Kennebunk,ME,4043,25.5 Mile Maine Turnpike
"Kennebunk, ME South Supercharger",Kennebunk,ME,4043,25.5 Mile Maine Turnpike
"Medway, ME Supercharger",Medway,ME,04460,1941 Medway Road
"Portland, ME Supercharger",Portland,ME,04101,295 Forest Avenue
"Skowhegan, ME Supercharger",Skowhegan,ME,04976,496 Madison Avenue
Aberdeen Supercharger,Aberdeen,MD,21001-0000,"I-95 Aberdeen, Maryland"
"Annapolis, MD Supercharger",Annapolis,MD,21401,1906 Towne Centre Boulevard
"Baltimore, MD - Boston Street Supercharger",Baltimore,MD,21224,3501 Boston Street
"Baltimore, MD - McHenry Row Supercharger",Baltimore,MD,21230,McHenry Row
"Easton, MD Supercharger",Easton,MD,No zipcode,7655 Ocean Gateway
"Elkridge, MD (coming soon)",Elkridge,MD,No zipcode,No address given
"Frederick, MD Supercharger",Frederick,MD,21703,5500 Buckeystown Pike
"Gaithersburg, MD Supercharger",Gaithersburg,MD,20878-7306,9811 Washingtonian Blvd
Grasonville Supercharger,Grasonville,MD,21638-1086,108 Jackson Creek Road
"Greenbelt, MD (coming soon)",Greenbelt,MD,No zipcode,No address given
"Hagerstown, MD Supercharger",Hagerstown,MD,21740,495 Prime Outlets Blvd
"Halethorpe, MD (coming soon)",Halethorpe,MD,No zipcode,No address given
"Hanover, MD Supercharger",Hanover,MD,21076,7795 Arundel Mills Boulevard
La Vale Supercharger,La Vale,MD,21502,11601 Winchester Road
Laurel Supercharger,Laurel,MD,20707,14700 Baltimore Ave
"Millersville, MD (coming soon)",Millersville,MD,No zipcode,No address given
"National Harbor, MD - Potomac Passage Supercharger",Oxon Hill,MD,20745,150 Potomac Passage
"North Bethesda, MD Supercharger",Bethesda,MD,20852,11860 Trade Street
"North East, MD Supercharger",North East,MD,21901-0000,John F Kennedy Memorial Hwy
"Ocean City, MD Supercharger",Ocean City,MD,21842,12826A Ocean Gateway
"Riverdale Park, MD Supercharger",Riverdale Park,MD,20737,6221 Baltimore Avenue
"Rockville, MD Supercharger",Rockville,MD,20850,330 Hungerford Drive
"Salisbury, MD Supercharger",Salisbury,MD,21801,2300 North Salisbury Blvd.
"Towson, MD (coming soon)",Towson,MD,No zipcode,No address given
"White Marsh, MD Supercharger",Rossville,MD,21162,5360 Nottingham Drive
Auburn Massachusetts Supercharger,Auburn,MA,1501,385 Southbridge St.
"Beverly, MA (coming soon)",Beverly,MA,No zipcode,No address given
Boston Supercharger,Boston,Ma,ssachusetts 02199,800 Boylston Street
"Boston, MA - Allstate Road Supercharger",Boston,MA,02125-1663,101 Allstate Road
"Boston, MA - Richard B. Ross Way Supercharger",Boston,MA,02215,1341 Boylston Street
"Boston, MA - Seaport (coming soon)",Boston,MA,No zipcode,No address given
"Braintree, MA Supercharger",Braintree,MA,02184,250 Granite Street
"Burlington, MA (coming soon)",Burlington,MA,No zipcode,No address given
"Cambridge, MA Supercharger",Cambridge,MA,02141-2215,100 Cambridgeside Place
"Charlestown, MA (coming soon)",Charlestown,MA,No zipcode,No address given
"Chestnut Hill, MA",Chestnut Hill,MA,02467,55 Boylston Street
Dedham,Dedham,MA,02026,840 Providence Highway
"Framingham, MA Supercharger",Framingham,MA,01701-5359,No address given
"Great Barrington, MA Supercharger",Great Barrington,MA,01230,700 Main Street Route 7
"Hadley, MA Supercharger",Hadley,MA,1035,25 Russell Street
"Hudson, MA Supercharger",Marlborough,MA,1749,2 Highland Common East
"Hyannis, MA Supercharger",Hyannis,MA,02601,425 Attucks Lane
"Lawrence, MA (coming soon)",Lawrence,MA,No zipcode,No address given
Lee Supercharger,Lee,MA,1238,10 Pleasant St.
"Leominster, MA Supercharger",Leominster,MA,01453-3333,100 Commercial Road
"Lynnfield, MA Supercharger",Lynnfield,MA,1940,600 Market St
"Mansfield, MA Supercharger",Mansfield,MA,2048,280 School Street
"Mashpee, MA Supercharger",Mashpee,MA,2649,22 Steeple Street
"Orleans, MA Supercharger",Orleans,MA,02653,2110 Cranberry Highway
"Revere, MA Supercharger",Revere,MA,02151,40 Furling Drive
"Sagamore Beach, MA Supercharger",Sagamore Beach,MA,2562,22 Meetinghouse Ln
"Seekonk, MA (coming soon)",Seekonk,MA,No zipcode,No address given
"Somerville, MA (coming soon)",Somerville,MA,No zipcode,No address given
"Waltham, MA (coming soon)",Waltham,MA,No zipcode,No address given
"Wareham, MA Supercharger",Wareham,MA,02571,2421 Cranberry HIghway
West Springfield Supercharger,West Springfield,MA,1089,935 Riverdale Street
"Compostela, NYR Supercharger",Nayarit,CA,63700,Kilómetro 38 + 690 lado derecho de la carretera Federal 200 Tepic
Ann Arbor Supercharger,Ann Arbor,MI,48103,3145 Ann Arbor-Saline Road
"Auburn Hills, MI Supercharger",Auburn Hills,No state,48326-1309,800 Brown Road
Bay City Supercharger,Bay City,MI,48706-9213,2980 E Wilder Rd
"Big Rapids, MI Supercharger",Big Rapids,MI,49307-8890,15400 Waldron Way
Cadillac Supercharger,Cadillac,MI,49601,8605 E. 34 Road
"Clare, MI Supercharger",Clare,MI,48617,604 North McEwan
"Detroit, MI (coming soon)",Detroit,MI,No zipcode,No address given
"Escanaba, MI (coming soon)",Escanaba,MI,No zipcode,No address given
"Gaylord, MI Supercharger",Gaylord,MI,49735-7241,250 Meijer Drive
Grand Rapids Supercharger,Grand Rapids,MI,49512,5531 28th Street SE
"Hudsonville, MI Supercharger",Hudsonville,MI,49426,4075 32nd Avenue
"Hudsonville, MI Supercharger #2",Hudsonville,MI,49426,4075 32nd Avenue
Lansing Supercharger,Lansing,MI,48912,2025 Showtime Drive
"Livonia, MI Supercharger",Livonia,MI,48150-0000,13070 Middlebelt Rd
Ludington Supercharger,Ludington,MI,49431-7612,3900 W US Hwy 10
"Mackinaw City, MI Supercharger",Mackinaw City,MI,49701,801 South Huron Avenue
"Marquette, MI (coming soon)",Marquette,MI,No zipcode,No address given
Marshall Supercharger,Marshall,MI,49068-9620,15252 US Highway 27 N
"Muskegon, MI Supercharger",Muskegon,MI,49444-6716,5300 Harvey Street
"Novi, MI (coming soon)",Novi,MI,No zipcode,No address given
Port Huron Supercharger,Port Huron,MI,48060,500 Thomas Edison Parkway
"Roseville, MI Supercharger",Roseville,MI,48066-1700,30800 Little Mack Avenue
"St. Joseph, MI Supercharger",St. Joseph,MI,49085,3260 Niles Rd
"Swartz Creek, MI Supercharger",Swartz Creek,MI,48473,4141 Morrish Road
Traverse City Supercharger,Traverse City,Mi,chigan 49684,3955 US Highway 31 South
"Walker, MI Supercharger",Walker,MI,49544,2988 Walker Avenue
"Albert Lea, MN - Happy Trails Lane Superchargers",Albert Lea,MN,56007,820 Happy Trails Lane
"Albert Lea, MN Supercharger",Albert Lea,MN,56007,811 E Plaza St
"Alexandria, MN Supercharger",Alexandria,MN,56308,4404 MN-29
"Arden Hill, MN (coming soon)",Arden Hill,MN,No zipcode,No address given
Baxter Supercharger,Baxter,MN,56425,6967 Lake Forest Road
"Bloomington, MN (coming soon)",Bloomington,MN,No zipcode,No address given
Clearwater Supercharger,Clearwater,MN,55320,950 MN-24
Duluth Supercharger,Duluth,MN,55802,200 West 1st Street
Hinckley Supercharger,Hinckley,MN,55037,404 Fire Monument Road
"Maple Grove, MN (coming soon)",Maple Grove,MN,No zipcode,No address given
"Minneapolis, MN Supercharger",Minneapolis,MN,55413,1650 New Brighton Boulevard
"Minnetonka, MN Supercharger",Minnetonka,MN,55305,13201 Ridgedale Drive
Oakdale Supercharger,Oakdale,MN,55128,7180 10th St N
"Richfield, MN (coming soon)",Richfield,MN,No zipcode,No address given
"Robbinsdale, MN Supercharger",Robbinsdale,MN,55422,3501 West Broadway Avenue
"Rochester, MN Supercharger",Rochester,MN,55902-2183,500 Crossroads Dr
"Sherburn, MN Supercharger",Sherburn,MN,56171-0000,600 MN-4
"St Paul, MN (coming soon)",St Paul,MN,No zipcode,No address given
"St. Louis Park, MN Supercharger",St. Louis Park,MN,55416,3601 Highway 100 South
"Worthington, MN Supercharger",Worthington,MN,56187,1290 Ryans Rd
Grenada Supercharger,Grenada,MS,38901-2826,2030 Sunset Dr
"Hattiesburg, MS Supercharger",Hattiesburg,MS,39402,6143 US Highway 98
"McComb, MS",McComb,MS,39648,1432 Delaware Avenue
Meridian Supercharger,Meridian,MS,39301,1210 Bonita Lakes Drive
"Pearl, MS Supercharger",Pearl,MS,39208,200 Bass Pro Drive
Tupelo Supercharger,Tupelo,MS,38804-0902,1001 Barnes Crossing Rd
"Bethany, MO Supercharger",Bethany,MO,66424,3807 Miller Street
"Branson, MO (coming soon)",Branson,MO,No zipcode,No address given
"Brentwood, MO (coming soon)",Brentwood,MO,No zipcode,No address given
Columbia Supercharger,Columbia,MO,65201,915 Port Way
"Concordia, MO (coming soon)",Concordia,MO,No zipcode,No address given
"Hannibal, MO (coming soon)",Hannibal,MO,No zipcode,No address given
Independence Supercharger,Independence,MO,64055,18011 E Bass Pro Drive
Joplin Supercharger,Joplin,MO,64804-4447,3615 Range Line Rd.
"Kansas City, MO Supercharger",Kansas City,MO,64151,8301 North Saint Clair Avenue
"Mehlville, MO Supercharger",Saint Louis County,MO,63129,No address given
Miner Supercharger,Miner,MO,63801,2612 E Malone Ave.
"Nevada, MO (coming soon)",Nevada,MO,No zipcode,No address given
Osage Beach Supercharger,Osage Beach,MO,65065-3169,929 Hwy D
Rolla Supercharger,Rolla,MO,65401,1705 Martin Springs Drive
"Springfield, MO Supercharger",Springfield,MO,65803-4414,3050 N. Kentwood Ave.
"St Joseph, MO Supercharger",St Joseph,MO,64506,201 North Belt Highway
St. Charles Supercharger,St. Charles,MO,63303,2021 Zumbehl Road
"St. Charles, MO - Beale Street Supercharger",St. Charles,MO,63303,1650 Beale Street
"St. Louis, MO (coming soon)",St. Louis,MO,No zipcode,No address given
"Big Sky, MT Supercharger",Big Sky,MT,59716,25 Town Center Avenue
"Big Timber, MT Supercharger",Big Timber,MT,59011,228 Big Timber Loop Rd
"Bighorn, MT (coming soon)",Bighorn,MT,No zipcode,No address given
"Billings, MT Supercharger",Billings,MT,59102,1801 Majestic Ln
"Bozeman, MT Supercharger",Bozeman,MT,59715,2023 Commerce Way
Butte Supercharger,Butte,MT,59701,2900 Harrison Ave.
"Glendive, MT Supercharger",Glendive,MT,59330,1919 North Merrill Avenue
"Great Falls, MT Supercharger",Great Falls,MT,59404,2301 14th St SW
"Helena, MT Supercharger",Helena,MT,59602,3120 Queen Anne Street
"Kalispell, MT (coming soon)",Kalispell,MT,No zipcode,No address given
"Lima, MT Supercharger",Lima,MT,59739,108 Bailey Street
"Miles City, MT Supercharger",Miles City,MT,59301,1815 South Haynes Avenue
Missoula Supercharger,Missoula,MT,59808,5280 Grant Creek Rd
"Shelby, MT (coming soon)",Shelby,MT,No zipcode,No address given
Superior Supercharger,Superior,MT,59872,205 4th Ave. East
West Yellowstone Supercharger,West Yellowstone,MT,59758,No address given
Gothenburg Supercharger,Gothenburg,NE,69138-2610,318 Platte River Road
Grand Island Supercharger,Grand Island,NE,68803-9117,3335 West Wood River Road
"Lincoln, NE Supercharger",Lincoln,NE,68521-1196,5020 N 27th Street
Ogallala Supercharger,Ogallala,NE,69153-3118,501 Stagecoach Trail
Sidney Supercharger,Sidney,NE,69162-3047,645 Cabela Drive
"Beatty, NV Supercharger",Beatty,NV,89003,900 Hwy 95 N
Elko Supercharger,Elko,NV,89801,2755 Mountain City Highway
Gardnerville Supercharger,Gardnerville,NV,89410,1979 US 395
Hawthorne Supercharger,Hawthorne,NV,89415,705 Hwy 362 Hawthorne
"Henderson, NV Supercharger",Henderson,NV,89002-9346,2800 S Boulder Hwy
"Incline Village, NV Supercharger",Incline Village,NV,89451,930 Tahoe Boulevard
Las Vegas Blvd South Supercharger,Las Vegas,NV,89119-3240,6509 S Las Vegas Blvd
"Las Vegas, NV - Grand Central Parkway Supercharger",Las Vegas,NV,89106,875 South Grand Central Parkway
"Las Vegas, NV - Linq High Roller Supercharger",Las Vegas,NV,89109,3545 South Las Vegas Boulevard
"Las Vegas, NV - Tivoli Village Supercharger",Las Vegas,NV,89145,400 South Rampart Boulevard
"Las Vegas, NV Supercharger",Las Vegas,NV,89101,701 Bridger Ave
Lovelock Supercharger,Lovelock,NV,89419,150 Main St.
"Primm, NV Supercharger",Primm,NV,89019,31900 Las Vegas Blvd S
Reno Supercharger,Reno,NV,89502,3800 S Virginia St.
"Reno, NV - North Sierra Street Supercharger",Reno,NV,89503,375 N Sierra Street
Stateline Supercharger,Stateline,NV,89449,50 US-50
Tonopah Supercharger,Tonopah,NV,89049,171 Main St.
West Wendover Supercharger,West Wendover,NV,89883,810 W Wendover Blvd.
"Winnemucca, NV Supercharger",Winnemucca,NV,89446,1985 W Winnemucca Blvd.
"Ashland, NH Supercharger",Ashland,NH,03217,158 Main Street
Hooksett (Northbound) Supercharger,Hooksett,NH,3106,Northbound I-93
Hooksett (Southbound) Supercharger,Hooksett,NH,3106,Southbound I-93
Lincoln Supercharger,Lincoln,NH,3251,22 South Mountain
"North Conway, NH (coming soon)",North Conway,NH,No zipcode,No address given
"Rochester, NH Supercharger",Rochester,NH,03867,290 North Main Street
Seabrook Supercharger,Seabrook,NH,3874,700 Lafayette Road
West Lebanon Supercharger,West Lebanon,NH,3784,285 N. Plainfield Road
"Barnegat, NJ Supercharger",Barnegat,NJ,8005,945 West Bay Avenue
"Basking Ridge, NJ Supercharger",Basking Ridge,NJ,7920,415 King George Road
"Boonton, NJ Supercharger",Boonton,NJ,07005,550 Myrtle Avenue
"Burlington, NJ Supercharger",Burlington,Ne,w Jersey 08016-0000,2060 US-130
"Cape May Court House, NJ Supercharger",Cape May,NJ,8210,11 Court House South Dennis Road
"Cherry Hill, NJ (coming soon)",Cherry Hill,NJ,No zipcode,No address given
Cranbury Supercharger,Cranbury,NJ,8512,Mile Marker 71.7 New Jersey Turnpike
"Cranbury, NJ Supercharger",Cranbury,NJ,8512,Mile Marker 71.7 New Jersey Turnpike
"Deptford, NJ Supercharger",Deptford,NJ,08096,1750 Deptford Center Road
East Brunswick Supercharger,East Brunswick,NJ,8816,Mile Marker 78 New Jersey Turnpike North
"East Brunswick, NJ - State Route 18 Supercharger",East Brunswick,NJ,8816,755 State Route 18
"East Brunswick, NJ Supercharger",East Brunswick,NJ,8816,Mile Marker 78 New Jersey Turnpike North
"Edgewater, NJ (coming soon)",Edgewater,NJ,No zipcode,No address given
"Edison, NJ Supercharger",Edison,NJ,8837,55 Parsonage Rd.
Egg Harbor Township Supercharger,Egg Harbor Township,NJ,8234,3121 Fire Road
"Elizabeth, NJ (coming soon)",Elizabeth,NJ,No zipcode,No address given
"Elizabeth, NJ Supercharger",Elizabeth,NJ,07201,651 Kapkowski Road
"Freehold, NJ Supercharger",Freehold,NJ,07728,909 Route 33
"Hackensack, NJ (coming soon)",Hackensack,NJ,No zipcode,No address given
Hamilton Township Supercharger,Hamilton,NJ,8691,425 Market Place Blvd
"Jersey City, NJ - Mall Drive West Supercharger",Jersey City,NJ,07310-1615,30 Mall Drive West
"Jersey City, NJ – 1st Street Supercharger",Jersey City,NJ,07302,160 First Street
"Kearny, NJ Supercharger",Kearny,NJ,7032,200 Harrison Avenue
"Mahwah, NJ (coming soon)",Mahwah,NJ,No zipcode,No address given
"Maple Shade, NJ Supercharger",Maple Shade,NJ,08052,2801 Route 73
"Marlton, NJ Supercharger",Marlton,NJ,08053,500 NJ-73
"North Brunswick, NJ Supercharger",North Brunswick,NJ,8902,191 Grand Avenue
Paramus-Route 17,Paramus,NJ,07652,530 Route 17 N
"Parlin, NJ (coming soon)",Parlin,NJ,No zipcode,No address given
"Parsippany, NJ Supercharger",Parsippany,NJ,7054,350 New Road
"Paulsboro, NJ Supercharger",Paulsboro,NJ,8066,51 Berkley Road
"Pompton Lakes, NJ (coming soon)",Pompton Lakes,NJ,No zipcode,No address given
"Robbinsville, NJ Supercharger",Robbinsville,NJ,8691,315 Robbinsville-Allentown Road
"Rockaway, NJ Supercharger",Rockaway,NJ,7866,395 Mount Hope Avenue
"South Toms River, NJ Supercharger",Tom's River,NJ,08757,No address given
"Springfield, NJ - Cleveland Place Supercharger",Springfield,NJ,07081,2017 Cleveland Place
Tinton Falls Supercharger,Tinton Falls,NJ,7753,1 Premium Outlets Blvd
"Union City, NJ (coming soon)",Union City,NJ,No zipcode,No address given
"Wayne, NJ (coming soon)",Wayne,NJ,No zipcode,No address given
"West Orange, NJ (coming soon)",West Orange,NJ,No zipcode,No address given
"Woodbridge Township, NJ Supercharger",Woodbridge,NJ,08857-0000,440 King Georges Road
"Woodcliff Lake, NJ (coming soon)",Woodcliff Lake,NJ,No zipcode,No address given
Albuquerque Supercharger,Albuquerque,NM,87107,2600 Menaul Blvd NE
"Clayton, NM (coming soon)",Clayton,NM,No zipcode,No address given
"Clovis, NM (coming soon)",Clovis,NM,No zipcode,No address given
"Deming, NM Supercharger",Deming,No state,88030,1695  US-180
"Farmington, NM Supercharger",Farmington,NM,87402-8302,4200 Sierra Vista Drive
"Gallup, NM Supercharger",Gallup,NM,87301,111 Twin Buttes Rd
"Grants, NM (coming soon)",Grants,NM,No zipcode,No address given
"Las Vegas, NM Supercharger",Las Vegas,NM,87701,2500 N. Grand Ave.
Santa Fe Supercharger,Santa Fe,NM,87507-4415,8380 Cerrillos Rd
Santa Rosa Supercharger,Santa Rosa,NM,88435,2516 Historic Route 66
"Soccoro, NM (coming soon)",Soccoro,NM,No zipcode,No address given
"Taos, NM (coming soon)",Taos,NM,No zipcode,No address given
Truth or Consequences Supercharger,Truth or Consequences,NM,87901,2201 F.G. Amin Street
Tucumcari Supercharger,Tucumcari,NM,88401,2624 S Adams St.
"Albany, NY Supercharger",Albany,NY,12205,131 Colonie Center
"Astoria, NY (coming soon)",Astoria,NY,No zipcode,No address given
"Bath Beach, NY (coming soon)",Bath Beach,NY,No zipcode,No address given
"Bay Shore, NY (coming soon)",Bay Shore,NY,No zipcode,No address given
"Bedford Hills, NY (coming soon)",Bedford Hills,NY,No zipcode,No address given
"Bergen Beach, NY (coming soon)",Bergen Beach,NY,No zipcode,No address given
Binghamton Supercharger,Binghamton,NY,13905,1062 Front Street
"Bronx, NY - Bay Plaza Supercharger",Bronx,NY,10475,260 Baychester Avenue
"Brooklyn Heights, NY (coming soon)",Brooklyn Heights,NY,No zipcode,No address given
"Brooklyn, NY - Atlantic Avenue Supercharger",Brooklyn,NY,11217,625 Atlantic Avenue B12
"Brooklyn, NY - Brooklyn Museum Supercharger",Brooklyn,NY,11225,878 Washington Avenue
"Brooklyn, NY - N. 12th Street Supercharger",Brooklyn,NY,11249,113 N. 12th Street
Buffalo Supercharger,Buffalo,NY,14221,4455 Transit Road
"Centuck, NY (coming soon)",Centuck,NY,No zipcode,No address given
"Cheektowaga, NY Supercharger",Cheektowaga,NY,14225,2013 Walden Avenue
"Chelsea, NY (coming soon)",Chelsea,NY,No zipcode,No address given
"Chestertown, NY Supercharger",Chestertown,NY,12817,6151 NY-8
"Clinton Corners, NY Supercharger",Clinton Corners,No state,12514-2025,2300 Salt Point Turnpike
"Copiague, NY Supercharger",Copiague,NY,11726,1147 Sunrise Highway
"East Hampton, NY (coming soon)",East Hampton,NY,No zipcode,No address given
Erwin Supercharger,Erwin,NY,14870,125 Victory Hwy
"Fishkill, NY Supercharger",Fishkill,NY,12524,18 Westage Drive
"Flushing, NY Supercharger",Flushing,NY,11354,136-20 38th Avenue
"Glendale, NY - Cooper Avenue Supercharger",Glendale,NY,11385,8000 Cooper Avenue
Guilderland Supercharger,Guilderland,NY,12203,1 Crossgates Mall Road
"Harlem, NY (coming soon)",Harlem,NY,No zipcode,No address given
"Islandia, NY Supercharger",Islandia,NY,11598,1750 Veterans Hwy
"Ithaca, NY Supercharger",Ithaca,NY,14850,740 South Meadow Street
"JFK - Queens, NY Supercharger",Queens,NY,11430,150th Ave and 147th St
Kingston Supercharger,Kingston,NY,12401,640 Washington Ave.
"Kips Bay, NY (coming soon)",Kips Bay,NY,No zipcode,No address given
"Lake Placid, NY Supercharger",Lake Placid,NY,12946,1930 Saranac Ave
"Little Neck, NY (coming soon)",Little Neck,NY,No zipcode,No address given
"Manhattan, NY - Vesey Street Supercharger",Manhattan,NY,10080,250 Vesey Street
"Manorville, NY (coming soon)",Manorville,NY,No zipcode,No address given
"Middletown, NY Supercharger",Middletown,NY,10941,601 East Main Street
"New Rochelle, NY Supercharger",New Rochelle,NY,10801-6408,33 LeCount Place and Huguenot Street
"New York, NY - 59 Allen Street Supercharger",Lower Manhattan,NY,95123,59 Allen Street
"New York, NY - E 47th Street Supercharger",New York,No state,10017,212 East 47th Street
"New York, NY - Mott Street Supercharger",New York,NY,10013-4600,106 Mott Street
"New York, NY - West 75th Street Supercharger",New York,No state,10023-1704,201 W 75th Street
Newburgh Supercharger,Newburgh,NY,12550,1217 NY-300
"Oneonta, NY Supercharger",Oneonta,NY,13820,4968 NY-23
"Ossining, NY Supercharger",Ossining,NY,10562,240 South Highland Avenue
"Plainview, NY Supercharger",Plainview,NY,11803-5010,1427 Old Country Road
Plattsburgh Supercharger,Plattsburgh,NY,12901,60 Smithfield Blvd
"Port Chester, NY (coming soon)",Port Chester,NY,No zipcode,No address given
"Queens, NY - Queens Center Supercharger",Queens,NY,11373,90-15 Queens Boulevard
Queensbury Supercharger,Queensbury,NY,12804,578 Aviation Road
"Roscoe, NY Supercharger",Roscoe,NY,12776,1908 Old Route 17
"Salamanca, NY Supercharger",Salamanca,NY,14779,777 Seneca Allegany Boulevard
"Scarsdale, NY (coming soon)",Scarsdale,NY,No zipcode,No address given
"Shirley, NY (coming soon)",Shirley,NY,No zipcode,No address given
Southampton Supercharger,Southampton,NY,11968,850 County Road 39
"Staten Island, NY - Veterans Road West Supercharger",New York City,NY,10309,2925 Veterans Road West
Syracuse Supercharger,Liverpool,NY,13088,441 Electronics Parkway
Tarrytown Supercharger,Tarrytown,NY,10591-5104,600 White Plains Road
"Upper East Side, NY (coming soon)",Upper East Side,NY,No zipcode,No address given
Utica Supercharger,Utica,NY,13501,50 Auert Ave.
"Valley Stream, NY Supercharger",Valley Stream,NY,11581,"2034 Green Acres Mall, Sunrise Highway"
Victor Supercharger,Victor,NY,14564,7979 Pittsford Victor Rd
"Wantagh, NY (coming soon)",Wantagh,NY,No zipcode,No address given
"Water Mill, NY Sueprcharger",Water Mill,NY,11976,760 Montauk Highway
"Waterloo, NY Supercharger",Waterloo,NY,13165,1133 Route 414
Watertown Supercharger,Watertown,NY,13601,21182 Salmon Run Mall Loop W
"West Nyack, NY Supercharger",West Nyack,NY,10994,1000 Palisades Center Drive
"White Plains, NY (coming soon)",White Plains,NY,No zipcode,No address given
"Woodbury, NY (coming soon)",Woodbury,NY,No zipcode,No address given
"Yonkers, NY Supercharger",Yonkers,NY,10701-3230,Archer Street
"Yorktown Heights, NY Supercharger",Yorktown Heights,CA,10589,3379 Crompond Road
Asheville Supercharger,Asheville,NC,28806,800 Brevard Road
"Burlington, NC Supercharger",Burlington,NC,27215,1080 Piper Ln
"Cary, NC Supercharger",Cary,NC,27519,7119 O'Kelly Chapel Road
Charlotte Supercharger,Charlotte,NC,28262,2720 W Mallard Creek Church Rd
"Charlotte, NC - Toringdon Way Supercharger",Charlotte,NC,28277,3429 Toringdon Way
"Fayetteville, NC Supercharger",Fayetteville,NC,28312,1965 Cedar Creek Road
"Greensboro, NC Supercharger",Greensboro,NC,27407-2747,5421 Hornaday Road
"Henderson, NC Supercharger",Henderson,NC,27536,619 Ruin Creek Road
"Hickory, NC Supercharger",Hickory,NC,28602-5185,2191 13th Avenue Drive SE
"Kill Devil Hills, NC Supercharger",Kill Devil Hills,NC,27948,2012 S Croatan Hwy
"Kinston, NC Supercharger",Kinston,NC,28504,4483 U.S. Highway 70
Lumberton Supercharger,Lumberton,NC,28358,5093 Fayetteville Rd.
"Mt Airy, NC Supercharger",Mt Airy,NC,27030,2905 Rockford Street
"Plymouth, NC Supercharger",Plymouth,NC,27962,840 U.S. 64
"Raleigh, NC Supercharger",Raleigh,NC,27609-5780,Lassiter at North Hills Ave
"Rocky Mount, NC Supercharger",Rocky Mount,NC,27804,651 N. Winstead Avenue
"Smithfield, NC Supercharger",Smithfield,NC,27577,1700 East Market Street
"Wallace, NC Supercharger",Wallace,NC,28466,111 River Village Place
Wilmington Supercharger,Wilmington,NC,28405-4191,6835 Conservation Way
"Bismarck, ND Supercharger",Bismarck,ND,58503,No address given
"Dickinson, ND Supercharger",Dickinson,ND,58601,No address given
"Fargo, ND Supercharger",Fargo,ND,58104,5680 23rd Avenue South
"Grand Forks, ND (coming soon)",Grand Forks,ND,No zipcode,No address given
"Jamestown, ND Supercharger",Jamestown,ND,58401,2400 8th Avenue Southwest
"Pembina, ND (coming soon)",Pembina,ND,No zipcode,No address given
"Akron, OH (coming soon)",Akron,OH,No zipcode,No address given
"Cambridge, OH Supercharger",Cambridge,OH,43725-3080,2101 Southgate Parkway
"Chillicothe, OH Supercharger",Chillicothe,OH,45601,1080 N. Bridge Street
Cincinnati,Cincinnati,OH,45242,9111 Blue Ash Road
"Cincinnati, OH Supercharger",Cincinnati,OH,45209,4825 Marburg Avenue
"Cleveland, OH (coming soon)",Cleveland,OH,No zipcode,No address given
"Columbus, OH Supercharger",Columbus,OH,43215,70 East Goodale Street
"Dayton, OH Supercharger",Dayton,OH,45415,9200 N Main Street
"Dublin, OH Supercharger",Dublin,OH,43017,6175 Sawmill Road
Grove City Supercharger,Grove City,OH,43123,2221 Stringtown Rd
Lima Supercharger,Lima,OH,45804,1933 Roschman Ave.
"Macedonia, OH Supercharger",Macedonia,OH,44056,8210 Macedonia Commons Blvd.
"Maumee, OH Supercharger",Maumee,OH,43537,1391 Conant Street
Mt. Gilead Supercharger,Mt. Gilead,OH,43338-9548,6200 State Route 95
"Polaris, OH Supercharger",Columbus,OH,43240,1177 Polaris Parkway
"Sandusky, OH Supercharger",Sandusky,OH,44870,4702 Milan Road
"Sheffield, OH Supercharger",Sheffield,OH,44054-2902,5295 Detroit Road
"Strongsville, OH Supercharger",Strongsville,OH,44136,9037 Pearl Road
"Toledo, OH Supercharger",Toledo,OH,43612-3952,1500 E. Alexis Road
"West Cincinnati, OH Supercharger",Cincinnati,OH,45247,6550 Harrison Avenue
Ardmore Supercharger,Ardmore,OK,73401,322 Holiday Drive
Catoosa Supercharger,Catoosa,OK,74015,777 W. Cherokee St.
"Henryetta, OK (coming soon)",Henryetta,OK,No zipcode,No address given
Oklahoma City Supercharger,Oklahoma City,OK,73127,7624 West Reno Ave #380
Perry Supercharger,Perry,OK,73077,2812 Fir Street
Weatherford Supercharger,Weatherford,OK,73096,1301 N Airport Rd
Baker City Supercharger,Baker City,OR,97814,1 Sunridge Lane
Bandon Supercharger,Bandon,OR,97411,120 Michigan Ave. NE
Bend Supercharger,Bend,OR,97702,61535 S Highway 97
"Boardman, OR (coming soon)",Boardman,OR,No zipcode,No address given
"Burns, OR (coming soon)",Burns,OR,No zipcode,No address given
"Detroit, OR Supercharger",Detroit,OR,97342,210 D Street
Grants Pass Supercharger,Grants Pass,OR,97526,1900 NW 6th St.
"Hillsboro, OR Supercharger",Beaverton,OR,97006,18101 NW Evergreen Parkway
"Hood River, OR (coming soon)",Hood River,OR,No zipcode,No address given
Klamath Falls Supercharger,Klamath Falls,OR,97603-4455,2655 Shasta Way
Lincoln City Supercharger,Lincoln City,OR,97367,1500 SE East Devils Lake Rd.
"Madras, OR (coming soon)",Madras,OR,No zipcode,No address given
"Medford, OR Supercharger",Medford,OR,97504,2000 Crater Lake Highway
"Newport, OR (coming soon)",Newport,OR,No zipcode,No address given
"Ontario, OR Supercharger",Ontario,OR,97914,203 East Street West
Pendleton Supercharger,Pendleton,OR,97801,46510 Wildhorse Blvd.
"Portland, OR (coming soon)",Portland,OR,No zipcode,No address given
"Portland, OR  - NW (coming soon)",Portland,OR,No zipcode,No address given
"Portland, OR - NE (coming soon)",Portland,OR,No zipcode,No address given
"Portland, OR - SE (coming soon)",Portland,OR,No zipcode,No address given
"Roseburg, OR (coming soon)",Roseburg,OR,No zipcode,No address given
"Salem, OR Supercharger",Salem,OR,97301,3790 Center Street NE
Sandy Supercharger,Sandy,OR,97055,16625 SE 362nd Dr.
"Seaside, OR Supercharger",Seaside,OR,97138,1111 N Roosevelt Dr
"Springfield, OR Supercharger",Springfield,OR,97477,919 Kruse Way
"The Dalles, OR Supercharger",The Dalles,OR,97058,2114 West 6th Street
"Tigard, OR Supercharger",Tigard,OR,97223,9585 Southwest Washington Square Road
Woodburn Supercharger,Woodburn,OR,97071,255 N Arney Rd
Allentown Supercharger,Allentown,PA,18104,4680 Broadway
"Altoona, PA Supercharger",Altoona,PA,16602,1915 Pleasant Valley Boulevard
"Bellefonte, PA Supercharger",Bellefonte,PA,16823-9119,170 Buckaroo Ln
"Bensalem, PA Supercharger",Bensalem,PA,19020,3620 Street Road
Bloomsburg Supercharger,Bloomsburg,PA,17815,11 Ricky Ave.
Breezewood Supercharger,Breezewood,PA,15533,16417 Lincoln Highway
"Bridesburg, PA (coming soon)",Bridesburg,PA,No zipcode,No address given
"Carlisle, PA Supercharger",Carlisle,PA,17015,1720 Harrisburg Pike
"Cranberry Township, PA Supercharger",Cranberry Township,PA,16066,1308 Freedom Rd
Erie Supercharger,Erie,PA,16509,2225 Down Drive
Falls Creek Supercharger,Falls Creek,No state,15840-9515,1867 Rich Highway
"Franklin Park, PA Supercharger",Franklin Park,PA,15143-8504,2615 Nicholson Road & Wexford Bayne Road
"Gettysburg, PA Supercharger",Gettysburg,PA,17325,30 Camp Letterman Drive
"Grove City, PA Supercharger",Grove City,PA,16127,1931 Butler Pike
Harrisburg Supercharger,Harrisburg,PA,17109,3819 Union Deposit Rd
Hermitage Supercharger,Hermitage,PA,16148,2381 S. Hermitage Road
"King of Prussia, PA (coming soon)",King of Prussia,PA,No zipcode,No address given
"Lancaster, PA Supercharger",Lancaster,PA,17601,518 Greenfield Road
Moosic Supercharger,Moosic,PA,18507-2140,1035 Shoppes Blvd
"North Huntingdon, PA Supercharger",North Huntingdon,PA,15642-0000,7821 U.S. 30
"Philadelphia, PA - Center City Supercharger",Philadelphia,PA,19107,34 South 11th Street
"Philadelphia, PA - North 20th Street Supercharger",Philadelphia,PA,19130,420 North 20th Street
"Pittsburgh, PA Supercharger",Pittsburgh,PA,15232,5550 Centre Avenue
"Plymouth Meeting, PA (coming soon)",Plymouth Meeting,PA,No zipcode,No address given
"Robinson, PA (coming soon)",Robinson,PA,No zipcode,No address given
"Somerset, PA Supercharger",Somerset,PA,15501,1030 North Center Avenue
"Springfield, PA (coming soon)",Springfield,PA,No zipcode,No address given
"Swartzville, PA (coming soon)",Swartzville,PA,No zipcode,No address given
Tannersville Supercharger,Tannersville,PA,18372,1000 Premium Outlets Dr
"Washington, PA Supercharger",Washington,PA,15301,331 Washington Road
"Williamsport, PA Supercharger",Williamsport,PA,17701,105 Maynard Street
"York, PA Supercharger",York,PA,17403,160 Leader Heights Road
"Guaynabo, PR Supercharger",Guaynabo,PR,00968,B5 Suite 212 Cll Tabonuco
"East Greenwich, RI Supercharger",East Greenwich,RI,2818,1000 Division St
"Newport, RI (coming soon)",Newport,RI,No zipcode,No address given
"Columbia, SC Supercharger",Columbia,SC,29203-9729,8910 Farrow Road
"Florence, SC Supercharger",Florence,SC,29501-4043,2701 David H McLeod Blvd
Greenville Supercharger #2,Greenville,SC,29605,108 Carolina Point
"Hardeeville, SC Supercharger",Hardeeville,SC,29927,16319 Whyte Hardee Blvd
"Hilton Head, SC Supercharger",Hilton Head Island,SC,29928,30 Office Park Road
Myrtle Beach Supercharger,Myrtle Beach,SC,29577-9798,2000 Coastal Grand Circle
"North Charleston, SC Supercharger",North Charleston,SC,29418,4855 Tanger Outlet Boulevard
"Santee, SC Supercharger",Santee,SC,29142,114 Bradford Blvd
"Custer, SD Supercharger",Custer,SD,57730-2033,800 Mount Rushmore Road
"Mitchell, SD Supercharger",Mitchell,SD,57301,1305 W. Havens Street
"Murdo, SD Supercharger",Murdo,SD,57559,302 W 5th St.
"Oacoma, SD Supercharger",Chamberlain,SD,57365-0000,1000 E Dakota Highway 16
"Rapid City, SD Supercharger",Rapid City,SD,57701,2200 N. Maple Ave
"Sioux Falls, SD Supercharger",Sioux Falls,SD,57106-3636,1900 South Marion Rd
"Spearfish, SD Supercharger",Spearfish,SD,57783-6222,3275 Old Belle Rd
"Wall, SD Supercharger",Wall,SD,57790,418 Main Street
"Watertown, SD (coming soon)",Watertown,SD,No zipcode,No address given
"Brentwood, TN - Old Hickory Boulevard Supercharger",Brentwood,TN,37027,780 Old Hickory Boulevard
"Bristol, TN Supercharger",Bristol,TN,No zipcode,416 Pinnacle Parkway
"Chattanooga, TN Supercharger",Chattanooga,TN,37421,1001 Airport Road
"Cookeville, TN Supercharger",Cookeville,TN,38501-5930,377 West Jackson Street
"Dickson, TN Supercharger",Dickson,TN,37055-0000,100 Barzani Blv
"Jackson, TN Supercharger",Jackson,TN,38305-2481,56 Casey Jones Lane
Knoxville Supercharger,Knoxville,TN,37934,10936 Parkside Dr
"Manchester, TN Supercharger",Manchester,TN,37355,2224 Hillsboro Blvd
"Memphis, TN Supercharger",Memphis,TN,38119-5322,6073 Park Avenue
"Nashville, TN Supercharger",Nashville,TN,37211,61 East Thompson Lane
Nashville-Brentwood,Nashville,TN,37027,1641 Westgate Circle
"Alvarado, TX Supercharger",Alvarado,TX,76009,3313 I-35W
Amarillo Supercharger,Amarillo,TX,79124,8231 West Amarillo Blvd.
Arlington Supercharger,Arlington,TX,76011-5110,1200 Ballpark Way
"Austin, TX (South) (coming soon)",Austin,TX,No zipcode,No address given
"Austin, TX - Century Oaks Terrace Supercharger",Austin,TX,78758,11410 Century Oaks Terrace
"Austin, TX - Downtown (coming soon)",Austin,TX,No zipcode,No address given
"Austin, TX - Research Boulevard Supercharger",Austin,TX,78759,9607 Research Boulevard
"Austin, TX Supercharger",Austin,TX,78752-0000,6406 N. Interstate 35 Frontage Road
"Beaumont, TX (coming soon)",Beaumont,TX,No zipcode,No address given
"Boerne, TX (coming soon)",Boerne,TX,No zipcode,No address given
"Brownsville, TX  (coming soon)",Brownsville,TX,No zipcode,No address given
Channelview Supercharger,Channelview,TX,777530,16311 East Fwy
Childress Supercharger,Childress,TX,79201,"1300 Ave F NW Childress, Texas"
Cisco Supercharger,Cisco,TX,76437,16851 IH 20
"College Station, TX (coming soon)",College Station,TX,No zipcode,No address given
"Columbus, TX Supercharger",Columbus,TX,78934,2535 Texas 71
Corsicana Supercharger,Corsicana,TX,75109,2035 Interstate 45 Frontage Rd
"Dallas, TX (Downtown) (coming soon)",Dallas,TX,No zipcode,No address given
"Dallas, TX - Mesquite (coming soon)",Dallas,TX,No zipcode,No address given
"Dallas, TX - North Central Expressway Supercharger",Dallas,No state,75231-4302,9740 North Central Expressway
"Denison, TX (coming soon)",Denison,TX,No zipcode,No address given
Denton Supercharger,Denton,TX,76201,2700 West University Drive
"Dilley, TX (coming soon)",Dilley,TX,No zipcode,No address given
El Paso Supercharger,El Paso,TX,79932-8515,6401 South Desert Boulevard
"Falfurrias, TX (coming soon)",Falfurrias,TX,No zipcode,No address given
Flatonia Supercharger,Flatonia,TX,78941,1415 FM 609
"Fort Stockton, TX Supercharger",Fort Stockton,TX,79735,2571 North Front Street
"Fort Worth, TX - Whitmore Street Supercharger",Fort Worth,TX,76107,2616 Whitmore Street
"Fredericksburg, TX (coming soon)",Fredericksburg,TX,No zipcode,No address given
"Giddings, TX Supercharger",Giddings,TX,78942,3025 East Austin Street
"Henrietta, TX Supercharger",Henrietta,TX,76365,237 Frontage Road
"Houston, TX (coming soon)",Houston,TX,No zipcode,No address given
"Houston, TX - Northwest Freeway Supercharger",Houston,TX,77040,14620 Northwest Freeway
"Houston, TX - Uptown (coming soon)",Houston,TX,No zipcode,No address given
Houston-North,Houston,TX,77090,14820 North Fwy
"Huntsville, TX Supercharger",Huntsville,TX,77340,148 Interstate 45
"Italy, TX Supercharger",Italy,TX,76651,1021 Dale Evans Drive
Junction Supercharger,Junction,TX,76849-3104,2415 N Main Street
"Katy, TX Supercharger",Katy,TX,77494,25675 Nelson Way
Kingsville Supercharger,Kingsville,TX,78363-2844,2400  South US Hwy 77
"Laredo, TX Supercharger",Laredo,TX,78041-9143,110 Calle Del Norte Drive
"Leon Springs, TX Supercharger",San Antonio,TX,78357,24165 I-10 #300
Lindale Supercharger,Lindale,TX,75771,17044 I-20
"Lubbock, TX (coming soon)",Lubbock,TX,No zipcode,No address given
McAllen Supercharger,McAllen,No state,78501-0018,800 Convention Center Blvd
Midland Supercharger,Midland,TX,79706-3525,Love’s Travel Stop
Nacogdoches Supercharger,Nacogdoches,TX,75964-2629,2615 NW Stallings Dr
Ozona Supercharger,Ozona,TX,76943,1307 Ave. A
"Pecos, TX Supercharger",Pecos,TX,79772,100 East Pinehurst Street
"Plano, TX Supercharger",Plano,TX,75024,7161 Bishop Road
"Richmond, TX Supercharger",Richmond,TX,77469,20500 Southwest Freeway
"San Angelo, TX (coming soon)",San Angelo,TX,No zipcode,No address given
"San Antonio, TX - Alamo Heights (coming soon)",San Antonio,TX,No zipcode,No address given
"San Antonio, TX Supercharger",San Antonio,TX,78230,11745 I-10
"San Marcos, TX Supercharger",San Marcos,TX,78666,3939 Interstate 35
"Schertz, TX Supercharger",Schertz,TX,78154,17460 IH 35N
Shamrock Supercharger,Shamrock,TX,79079,107 East 12th Street
"South Padre Island, TX Supercharger",South Padre Island,TX,78597,100 Padre Blvd
"Southlake, TX Supercharger",Southlake,TX,76092,261 North Carroll Avenue
Sulphur Springs Supercharger,Sulphur Springs,TX,75482,300 W Tomlinson Street
Sweetwater Supercharger,Sweetwater,TX,79556,300 SE Georgia Ave.
Texarkana Supercharger,Texarkana,TX,75503-2434,3101 Mall Drive
Three Rivers Supercharger,Three Rivers,TX,78071,2645 S. Hwy 37
Van Horn Supercharger,Van Horn,TX,79855,1921 Frontage Rd
Victoria Supercharger,Victoria,TX,77901,3107 S Laurent St.
"Waco, TX Supercharger",Bellmead,TX,76705,701 Interstate 35
"Beaver, UT Supercharger",Beaver,UT,84713,Littlefield Interchange
"Blanding, UT Supercharger",Blanding,UT,84511,12 N Grayson Parkway
"Cedar City, UT (coming soon)",Cedar City,UT,No zipcode,No address given
"Draper, UT (coming soon)",Draper,UT,No zipcode,No address given
"Green River, UT Supercharger",Green River,UT,84525,1765 East Main
"Moab, UT Supercharger",Moab,UT,84532,16 South Main Street
"Nephi, UT Supercharger",Nephi,UT,84648,2100 S Main Street
"Ogden, UT (coming soon)",Ogden,UT,No zipcode,No address given
"Park City, UT (coming soon)",Park City,UT,No zipcode,No address given
Price Supercharger,Price,UT,84501,925 Westwood Blvd.
"Provo, UT (coming soon)",Provo,UT,No zipcode,No address given
"Richfield, UT Supercharger",Richfield,UT,84701,20 W 1400 N
"Salt Lake City, UT - South 300 West Supercharger",Salt Lake City,UT,84101,1038 South 300 West
Salt Lake City-S. State Street,South Salt Lake City,UT,84115,2312 South State Street
"St. George, UT - Convention Center Drive Supercharger",Saint George,UT,84790,1835 South Convention Center Drive
"St. George, UT Supercharger",St. George,UT,84770,1091 N Bluff St
Tooele Supercharger,Tooele,UT,84074,1568 East Saddleback Blvd.
Tremonton Supercharger,Tremonton,UT,84337,2145 W Main Street
"Berlin, VT Supercharger",Berlin,VT,5602,213 Paine Turnpike N
Brattleboro Supercharger,Brattleboro,VT,5301,499 Canal Street
"Lyndon, VT (coming soon)",Lyndon,VT,No zipcode,No address given
"Rutland, VT Supercharger",Rutland,VT,05701,194 Woodstock Ave
South Burlington Supercharger,South Burlington,VT,5043,222 Dorset Street
"Arlington, VA Supercharger",Arlington,VA,22201,2800 Clarendon Boulevard
"Arlington, VA Supercharger #2",Arlington,VA,22201,2800 Clarendon Boulevard
"Ashburn, VA Supercharger",Ashburn,VA,20148,43300 Southern Walk Plaza
"Chantilly, VA Supercharger",South Riding,VA,20152,25451 Lizzio Center Drive
"Charlottesville, VA Supercharger",Charlottesville,Vi,rgina 22901-0000,2100 Hydraulic Road
Chester Supercharger,Chester,VA,23831,11701 Jefferson Davis Highway
"Fairfax, VA (coming soon)",Fairfax,VA,No zipcode,No address given
"Falls Church, VA Supercharger",Falls Church,VA,22043,7501 Leesburg Place
"Farmville, VA - S Main Street Supercharger",Farmville,VA,23901,2016 S Main Street
"Fredericksburg, VA Supercharger",Fredericksburg,VA,22407,10060 Jefferson Davis Highway
"Glen Allen, VA Supercharger",Glen Allen,VA,23059,9950 Brook Rd
"Haymarket, VA",Haymarket,VA,20169,15315 Washington Street
"King George, VA (coming soon)",King George,VA,No zipcode,No address given
"Leesburg, VA Supercharger",Leesburg,VA,20737,"1602 Village Market Boulevard, Southeast"
Lexington Supercharger #2,Lexington,VA,24450,880 N Lee Hwy
"Lynchburg, VA Supercharger",Lynchburg,VA,24501,14480 Wards Road
"Madison, VA Supercharger",Madison,VA,22707,2902 South Seminole Trail
"Mt. Jackson, VA Supercharger",Mt. Jackson,VA,22842,227 Conicville Rd
"Newport News, VA",Newport News,VA,23602,12300 Jefferson Avenue
Norfolk Supercharger,Norfolk,VA,23502,5900 E Virginia Beach Blvd
"Reston, VA Supercharger",Reston,VA,20190,1886 Metro Center Drive
"Richmond, VA Supercharger",Richmond,VA,23231-0000,4441 S Laburnum Ave
"Salem, VA Supercharger",Salem,VA,24153,1340 West Main St
"South Hill, VA Supercharger",South Hill,VA,23970,1791 North Mecklenburg Avenue
"Springfield, VA Supercharger",Springfield,VA,22150,500 Springfield Mall
"Staunton, VA Supercharger",Staunton,VA,24402,1250 Richmond Avenue
Strasburg Supercharger,Strasburg,VA,22657,119 Hite Lane
"Tysons, VA (coming soon)",Tysons,VA,No zipcode,No address given
"Vienna, VA Supercharger",Vienna,VA,22180,465 Maple Avenue
"Virginia Beach, VA (coming soon)",Virginia Beach,VA,No zipcode,No address given
"Williamsburg, VA (coming soon)",Williamsburg,VA,No zipcode,No address given
Woodbridge Supercharger,Woodbridge,VA,22192,2700 Potomac Mills Circle
Wytheville Supercharger,Wytheville,VA,24382,165 Malin Drive
Aberdeen Supercharger #2,Aberdeen,WA,98520-4133,416 Wishkah Street
"Arlington, WA Supercharger",Arlington,WA,No zipcode,3438 Stoluckquamish Lane
"Auburn, WA Supercharger",Auburn,WA,98001,1101 Outlet Collection Way
"Bellevue, WA (coming soon)",Bellevue,WA,No zipcode,No address given
"Blaine, WA Supercharger",Blaine,WA,98230,8115 Birch Bay Square
"Bothell, WA Supercharger",Bothell,WA,98011,19128 112th Avenue NE
"Burlington, WA Supercharger",Burlington,WA,98233,9384 Old Highway 99 North
Centralia Supercharger,Centralia,WA,98531,1200 Lum Rd
"Chelan, WA (coming soon)",Chelan,WA,No zipcode,No address given
"Cle Elum, WA Supercharger",Cle Elum,WA,98922,811 WA-970
Ellensburg Supercharger,Ellensburg,WA,98926,1620 Canyon Rd
"Enumclaw, WA (coming soon)",Enumclaw,WA,No zipcode,No address given
"Forks, WA Supercharger",Forks,WA,98331,100 Fern Hill Road
"Issaquah, WA Supercharger",Issaquah,WA,98029,6100 East Lake Sammamish Parkway SE
"Kelso, WA Supercharger",Kelso,WA,98626,207 Three Rivers Drive
Kennewick Supercharger,Kennewick,WA,99336,2811 West 10th Ave
"Kirkland, WA - Totem Lake (coming soon)",Kirkland,WA,No zipcode,No address given
"Lacey, WA Supercharger",Lacey,WA,98503,665 Sleater Kinney Road SE
"Leavenworth, WA Supercharger",Leavenworth,WA,98826,1329 US-2
"Lynnwood, WA Supercharger",Lynnwood,WA,98087,2902 164th Street SW
"Monroe, WA Supercharger",Monroe,WA,No zipcode,18805 US-2
"Moses Lake, WA Supercharger",Moses Lake,WA,98837,2709 West Broadway Avenue
"North Bend, WA Supercharger",North Bend,WA,98045,46600 SE North Bend Way
"Okanogan, WA (coming soon)",Okanogan,WA,No zipcode,No address given
"Olympia, WA (coming soon)",Olympia,WA,No zipcode,No address given
Ritzville Supercharger,Ritzville,WA,99169,105 W Galbreath Way
"Seattle, WA - Northgate (coming soon)",Seattle,WA,No zipcode,No address given
"Seattle, WA - Union Street Supercharger",Seattle,WA,98101,601 Union Street
"Seattle, WA - University Village (coming soon)",Seattle,WA,No zipcode,No address given
Sequim Supercharger,Sequim,WA,98382-3503,1441 E Washington Street
"Spokane, WA Supercharger",Spokane,WA,99224,10506 West Aero Road
"Tacoma, WA (coming soon)",Tacoma,WA,No zipcode,No address given
"Tumwater, WA Supercharger",Tumwater,WA,98512,2430 93rd Avenue Southwest
"Vancouver, WA - NE Vancouver Mall Drive Supercharger",Vancouver,WA,98662,8700 NE Vancouver Mall Drive
"Vancouver, WA Supercharger",Vancouver,WA,98685-2832,800 NE Tenney Road
"Yakima, WA (coming soon)",Yakima,WA,No zipcode,No address given
"Charleston, WV Supercharger",Charleston,WV,25301,2 Kanawha Boulevard E
"Huntington, WV Supercharger",Huntington,WV,25704-1509,432 18th Street West
"Martinsburg, WV Supercharger",Martinsburg,WV,25401,1465  Edwin Miller Blvd
Morgantown Supercharger,Morgantown,WV,26508-1324,21 Asturias Lane
"Mt. Hope, WV Supercharger",Mt. Hope,WV,25880,5481 Robert C. Byrd Drive
"Parkersburg, WV Supercharger",Parkersburg,WV,26101,1102 7th Street
"Triadelphia, WV Supercharger",Triadelphia,WV,26059,35 Bob Wise Drive
"Weston, WV Supercharger",Weston,WV,26452-8367,39 Berlin Road
"Eau Claire, WI Supercharger",Eau Claire,WI,54701,4601 Keystone Crossing
"Howard, WI Supercharger",Howard,Wi,sconsin 54303-2606,2015 Shawano Avenue
La Crosse Supercharger,Onalaska,WI,54650,2845 Midwest Dr
"Lake Geneva, WI Supercharger",Lake Geneva,WI,53147,7036 Grand Geneva Way
"Madison, WI (West) (coming soon)",Madison,WI,No zipcode,No address given
"Madison, WI - E. Washington Ave. Supercharger",Madison,WI,53704,3801 E. Washington Ave
"Madison, WI – East Towne Mall Supercharger",Madison,WI,53704,89 East Towne Mall
"Mauston, WI Supercharger",Mauston,WI,53948,640 McEvoy St
"Milwaukee, WI (coming soon)",Milwaukee,WI,No zipcode,No address given
"Oak Creek, WI Supercharger",Oak Creek,WI,53154-6801,171 West Town Square Way
"Oshkosh, WI Supercharger",Oshkosh,WI,54904-7776,2415 Westowne Avenue
"Pleasant Prairie, WI Supercharger",Pleasant Prairie,WI,53158,11211 120th Ave
Sheboygan Supercharger,Sheboygan,WI,53081,595 S Taylor Drive
"Sturgeon Bay, WI (coming soon)",Sturgeon Bay,WI,No zipcode,No address given
"Waukesha, WI (coming soon)",Waukesha,WI,No zipcode,No address given
"Wausau, WI - North Mountain Rd Supercharger",Wausau,WI,54401-8117,2101 North Mountain Rd
"Cheyenne, WY Supercharger",Cheyenne,WY,82009,1400 Dell Range Blvd.
"Cody, WY (coming soon)",Cody,WY,No zipcode,No address given
Evanston Supercharger,Evanston,WY,82930-3094,101 Wasatch Rd
"Evansville, WY Supercharger",Evansville,WY,82636,6985 Nugget Street
Gillette Supercharger,Gillette,WY,82716,211 Decker Court
Jackson Supercharger,Jackson,WY,83001,1155 US-89
"Laramie, WY Supercharger",Laramie,WY,82070-8417,1673 Centennial Drive
"Lusk, WY Supercharger",Lusk,WY,82225,730 S Main St
Rawlins Supercharger,Rawlins,WY,82301-6026,2370 E Cedar St.
Rock Springs Supercharger,Rock Springs,No state,82901-5659,2441 Foothill Blvd
Sheridan Supercharger,Sheridan,WY,82801,612 North Main Street
"Wheatland, WY Supercharger",Wheatland,WY,82201-8927,1556 Sherard Road
